resultadoModelo1.txt.ptree,0,5,0..2,No
resultadoModelo1.txt.ptree,0,7,2..3,COMMA
resultadoModelo1.txt.ptree,0,10,4..6,it
resultadoModelo1.txt.ptree,0,13,7..10,was
resultadoModelo1.txt.ptree,0,15,10..13,n't
resultadoModelo1.txt.ptree,0,18,14..19,Black
resultadoModelo1.txt.ptree,0,20,20..26,Monday
resultadoModelo1.txt.ptree,0,22,26..27,.
resultadoModelo1.txt.ptree,1,4,30..33,But
resultadoModelo1.txt.ptree,1,7,34..39,while
resultadoModelo1.txt.ptree,1,11,40..43,the
resultadoModelo1.txt.ptree,1,13,44..47,New
resultadoModelo1.txt.ptree,1,15,48..52,York
resultadoModelo1.txt.ptree,1,17,53..58,Stock
resultadoModelo1.txt.ptree,1,19,59..67,Exchange
resultadoModelo1.txt.ptree,1,22,68..71,did
resultadoModelo1.txt.ptree,1,24,71..74,n't
resultadoModelo1.txt.ptree,1,27,75..79,fall
resultadoModelo1.txt.ptree,1,30,80..85,apart
resultadoModelo1.txt.ptree,1,33,86..92,Friday
resultadoModelo1.txt.ptree,1,36,93..95,as
resultadoModelo1.txt.ptree,1,40,96..99,the
resultadoModelo1.txt.ptree,1,42,100..103,Dow
resultadoModelo1.txt.ptree,1,44,104..109,Jones
resultadoModelo1.txt.ptree,1,46,110..120,Industrial
resultadoModelo1.txt.ptree,1,48,121..128,Average
resultadoModelo1.txt.ptree,1,51,129..136,plunged
resultadoModelo1.txt.ptree,1,55,137..143,190.58
resultadoModelo1.txt.ptree,1,57,144..150,points
resultadoModelo1.txt.ptree,1,60,151..153,--
resultadoModelo1.txt.ptree,1,64,154..158,most
resultadoModelo1.txt.ptree,1,67,159..161,of
resultadoModelo1.txt.ptree,1,70,162..164,it
resultadoModelo1.txt.ptree,1,73,165..167,in
resultadoModelo1.txt.ptree,1,76,168..171,the
resultadoModelo1.txt.ptree,1,78,172..177,final
resultadoModelo1.txt.ptree,1,80,178..182,hour
resultadoModelo1.txt.ptree,1,82,183..185,--
resultadoModelo1.txt.ptree,1,85,186..188,it
resultadoModelo1.txt.ptree,1,88,189..195,barely
resultadoModelo1.txt.ptree,1,91,196..203,managed
resultadoModelo1.txt.ptree,1,95,204..206,to
resultadoModelo1.txt.ptree,1,98,207..211,stay
resultadoModelo1.txt.ptree,1,102,212..216,this
resultadoModelo1.txt.ptree,1,104,217..221,side
resultadoModelo1.txt.ptree,1,107,222..224,of
resultadoModelo1.txt.ptree,1,110,225..230,chaos
resultadoModelo1.txt.ptree,1,112,230..231,.
resultadoModelo1.txt.ptree,2,6,234..238,Some
resultadoModelo1.txt.ptree,2,10,240..247,circuit
resultadoModelo1.txt.ptree,2,12,248..256,breakers
resultadoModelo1.txt.ptree,2,17,258..267,installed
resultadoModelo1.txt.ptree,2,20,268..273,after
resultadoModelo1.txt.ptree,2,23,274..277,the
resultadoModelo1.txt.ptree,2,25,278..285,October
resultadoModelo1.txt.ptree,2,27,286..290,1987
resultadoModelo1.txt.ptree,2,29,291..296,crash
resultadoModelo1.txt.ptree,2,32,297..303,failed
resultadoModelo1.txt.ptree,2,36,304..309,their
resultadoModelo1.txt.ptree,2,38,310..315,first
resultadoModelo1.txt.ptree,2,40,316..320,test
resultadoModelo1.txt.ptree,2,43,320..321,COMMA
resultadoModelo1.txt.ptree,2,47,322..329,traders
resultadoModelo1.txt.ptree,2,50,330..333,say
resultadoModelo1.txt.ptree,2,52,333..334,COMMA
resultadoModelo1.txt.ptree,2,55,335..341,unable
resultadoModelo1.txt.ptree,2,59,342..344,to
resultadoModelo1.txt.ptree,2,62,345..349,cool
resultadoModelo1.txt.ptree,2,66,350..353,the
resultadoModelo1.txt.ptree,2,68,354..361,selling
resultadoModelo1.txt.ptree,2,70,362..367,panic
resultadoModelo1.txt.ptree,2,73,368..370,in
resultadoModelo1.txt.ptree,2,76,371..375,both
resultadoModelo1.txt.ptree,2,78,376..382,stocks
resultadoModelo1.txt.ptree,2,80,383..386,and
resultadoModelo1.txt.ptree,2,82,387..394,futures
resultadoModelo1.txt.ptree,2,84,394..395,.
resultadoModelo1.txt.ptree,3,7,396..399,The
resultadoModelo1.txt.ptree,3,9,400..402,49
resultadoModelo1.txt.ptree,3,11,403..408,stock
resultadoModelo1.txt.ptree,3,13,409..419,specialist
resultadoModelo1.txt.ptree,3,15,420..425,firms
resultadoModelo1.txt.ptree,3,18,426..428,on
resultadoModelo1.txt.ptree,3,21,429..432,the
resultadoModelo1.txt.ptree,3,23,433..436,Big
resultadoModelo1.txt.ptree,3,25,437..442,Board
resultadoModelo1.txt.ptree,3,27,443..448,floor
resultadoModelo1.txt.ptree,3,30,449..451,--
resultadoModelo1.txt.ptree,3,34,452..455,the
resultadoModelo1.txt.ptree,3,36,456..462,buyers
resultadoModelo1.txt.ptree,3,38,463..466,and
resultadoModelo1.txt.ptree,3,40,467..474,sellers
resultadoModelo1.txt.ptree,3,43,475..477,of
resultadoModelo1.txt.ptree,3,47,478..482,last
resultadoModelo1.txt.ptree,3,49,483..489,resort
resultadoModelo1.txt.ptree,3,53,490..493,who
resultadoModelo1.txt.ptree,3,57,494..498,were
resultadoModelo1.txt.ptree,3,60,499..509,criticized
resultadoModelo1.txt.ptree,3,63,510..515,after
resultadoModelo1.txt.ptree,3,66,516..519,the
resultadoModelo1.txt.ptree,3,68,520..524,1987
resultadoModelo1.txt.ptree,3,70,525..530,crash
resultadoModelo1.txt.ptree,3,72,531..533,--
resultadoModelo1.txt.ptree,3,75,534..538,once
resultadoModelo1.txt.ptree,3,77,539..544,again
resultadoModelo1.txt.ptree,3,80,545..550,could
resultadoModelo1.txt.ptree,3,82,550..553,n't
resultadoModelo1.txt.ptree,3,85,554..560,handle
resultadoModelo1.txt.ptree,3,88,561..564,the
resultadoModelo1.txt.ptree,3,90,565..572,selling
resultadoModelo1.txt.ptree,3,92,573..581,pressure
resultadoModelo1.txt.ptree,3,94,581..582,.
resultadoModelo1.txt.ptree,4,6,585..588,Big
resultadoModelo1.txt.ptree,4,8,589..599,investment
resultadoModelo1.txt.ptree,4,10,600..605,banks
resultadoModelo1.txt.ptree,4,13,606..613,refused
resultadoModelo1.txt.ptree,4,17,614..616,to
resultadoModelo1.txt.ptree,4,20,617..621,step
resultadoModelo1.txt.ptree,4,23,622..624,up
resultadoModelo1.txt.ptree,4,26,625..627,to
resultadoModelo1.txt.ptree,4,29,628..631,the
resultadoModelo1.txt.ptree,4,31,632..637,plate
resultadoModelo1.txt.ptree,4,35,638..640,to
resultadoModelo1.txt.ptree,4,38,641..648,support
resultadoModelo1.txt.ptree,4,41,649..652,the
resultadoModelo1.txt.ptree,4,43,653..664,beleaguered
resultadoModelo1.txt.ptree,4,45,665..670,floor
resultadoModelo1.txt.ptree,4,47,671..678,traders
resultadoModelo1.txt.ptree,4,50,679..681,by
resultadoModelo1.txt.ptree,4,54,682..688,buying
resultadoModelo1.txt.ptree,4,58,689..692,big
resultadoModelo1.txt.ptree,4,60,693..699,blocks
resultadoModelo1.txt.ptree,4,63,700..702,of
resultadoModelo1.txt.ptree,4,66,703..708,stock
resultadoModelo1.txt.ptree,4,68,708..709,COMMA
resultadoModelo1.txt.ptree,4,71,710..717,traders
resultadoModelo1.txt.ptree,4,74,718..721,say
resultadoModelo1.txt.ptree,4,76,721..722,.
resultadoModelo1.txt.ptree,5,6,723..728,Heavy
resultadoModelo1.txt.ptree,5,8,729..736,selling
resultadoModelo1.txt.ptree,5,11,737..739,of
resultadoModelo1.txt.ptree,5,16,740..748,Standard
resultadoModelo1.txt.ptree,5,18,749..750,&
resultadoModelo1.txt.ptree,5,20,751..755,Poor
resultadoModelo1.txt.ptree,5,22,755..757,'s
resultadoModelo1.txt.ptree,5,24,758..767,500-stock
resultadoModelo1.txt.ptree,5,26,768..773,index
resultadoModelo1.txt.ptree,5,28,774..781,futures
resultadoModelo1.txt.ptree,5,31,782..784,in
resultadoModelo1.txt.ptree,5,34,785..792,Chicago
resultadoModelo1.txt.ptree,5,37,793..805,relentlessly
resultadoModelo1.txt.ptree,5,40,806..810,beat
resultadoModelo1.txt.ptree,5,43,811..817,stocks
resultadoModelo1.txt.ptree,5,46,818..826,downward
resultadoModelo1.txt.ptree,5,48,826..827,.
resultadoModelo1.txt.ptree,6,6,830..835,Seven
resultadoModelo1.txt.ptree,6,8,836..839,Big
resultadoModelo1.txt.ptree,6,10,840..845,Board
resultadoModelo1.txt.ptree,6,12,846..852,stocks
resultadoModelo1.txt.ptree,6,15,853..855,--
resultadoModelo1.txt.ptree,6,19,856..859,UAL
resultadoModelo1.txt.ptree,6,21,859..860,COMMA
resultadoModelo1.txt.ptree,6,23,861..864,AMR
resultadoModelo1.txt.ptree,6,25,864..865,COMMA
resultadoModelo1.txt.ptree,6,27,866..877,BankAmerica
resultadoModelo1.txt.ptree,6,29,877..878,COMMA
resultadoModelo1.txt.ptree,6,31,879..883,Walt
resultadoModelo1.txt.ptree,6,33,884..890,Disney
resultadoModelo1.txt.ptree,6,35,890..891,COMMA
resultadoModelo1.txt.ptree,6,38,892..899,Capital
resultadoModelo1.txt.ptree,6,40,900..910,Cities/ABC
resultadoModelo1.txt.ptree,6,42,910..911,COMMA
resultadoModelo1.txt.ptree,6,45,912..918,Philip
resultadoModelo1.txt.ptree,6,47,919..925,Morris
resultadoModelo1.txt.ptree,6,49,926..929,and
resultadoModelo1.txt.ptree,6,52,930..937,Pacific
resultadoModelo1.txt.ptree,6,54,938..945,Telesis
resultadoModelo1.txt.ptree,6,56,946..951,Group
resultadoModelo1.txt.ptree,6,58,952..954,--
resultadoModelo1.txt.ptree,6,62,955..962,stopped
resultadoModelo1.txt.ptree,6,65,963..970,trading
resultadoModelo1.txt.ptree,6,67,971..974,and
resultadoModelo1.txt.ptree,6,70,975..980,never
resultadoModelo1.txt.ptree,6,73,981..988,resumed
resultadoModelo1.txt.ptree,6,75,988..989,.
resultadoModelo1.txt.ptree,7,5,992..995,The
resultadoModelo1.txt.ptree,7,7,996..1011,finger-pointing
resultadoModelo1.txt.ptree,7,10,1012..1015,has
resultadoModelo1.txt.ptree,7,13,1016..1023,already
resultadoModelo1.txt.ptree,7,16,1024..1029,begun
resultadoModelo1.txt.ptree,7,18,1029..1030,.
resultadoModelo1.txt.ptree,8,7,1032..1035,The
resultadoModelo1.txt.ptree,8,9,1036..1042,equity
resultadoModelo1.txt.ptree,8,11,1043..1049,market
resultadoModelo1.txt.ptree,8,14,1050..1053,was
resultadoModelo1.txt.ptree,8,17,1054..1062,illiquid
resultadoModelo1.txt.ptree,8,19,1062..1063,.
resultadoModelo1.txt.ptree,9,6,1064..1068,Once
resultadoModelo1.txt.ptree,9,9,1069..1074,again
resultadoModelo1.txt.ptree,9,11,1075..1076,{
resultadoModelo1.txt.ptree,9,14,1076..1079,the
resultadoModelo1.txt.ptree,9,16,1080..1091,specialists
resultadoModelo1.txt.ptree,9,18,1091..1092,}
resultadoModelo1.txt.ptree,9,21,1093..1097,were
resultadoModelo1.txt.ptree,9,23,1098..1101,not
resultadoModelo1.txt.ptree,9,26,1102..1106,able
resultadoModelo1.txt.ptree,9,30,1107..1109,to
resultadoModelo1.txt.ptree,9,33,1110..1116,handle
resultadoModelo1.txt.ptree,9,36,1117..1120,the
resultadoModelo1.txt.ptree,9,38,1121..1131,imbalances
resultadoModelo1.txt.ptree,9,41,1132..1134,on
resultadoModelo1.txt.ptree,9,45,1135..1138,the
resultadoModelo1.txt.ptree,9,47,1139..1144,floor
resultadoModelo1.txt.ptree,9,50,1145..1147,of
resultadoModelo1.txt.ptree,9,53,1148..1151,the
resultadoModelo1.txt.ptree,9,55,1152..1155,New
resultadoModelo1.txt.ptree,9,57,1156..1160,York
resultadoModelo1.txt.ptree,9,59,1161..1166,Stock
resultadoModelo1.txt.ptree,9,61,1167..1175,Exchange
resultadoModelo1.txt.ptree,9,63,1175..1176,COMMA
resultadoModelo1.txt.ptree,9,68,1178..1182,said
resultadoModelo1.txt.ptree,9,72,1183..1194,Christopher
resultadoModelo1.txt.ptree,9,74,1195..1203,Pedersen
resultadoModelo1.txt.ptree,9,76,1203..1204,COMMA
resultadoModelo1.txt.ptree,9,80,1205..1211,senior
resultadoModelo1.txt.ptree,9,82,1212..1216,vice
resultadoModelo1.txt.ptree,9,84,1217..1226,president
resultadoModelo1.txt.ptree,9,87,1227..1229,at
resultadoModelo1.txt.ptree,9,90,1230..1242,Twenty-First
resultadoModelo1.txt.ptree,9,92,1243..1253,Securities
resultadoModelo1.txt.ptree,9,94,1254..1259,Corp.
resultadoModelo1.txt.ptree,9,96,1258..1259,.
resultadoModelo1.txt.ptree,10,5,1262..1271,Countered
resultadoModelo1.txt.ptree,10,9,1272..1277,James
resultadoModelo1.txt.ptree,10,11,1278..1285,Maguire
resultadoModelo1.txt.ptree,10,13,1285..1286,COMMA
resultadoModelo1.txt.ptree,10,17,1287..1295,chairman
resultadoModelo1.txt.ptree,10,20,1296..1298,of
resultadoModelo1.txt.ptree,10,23,1299..1310,specialists
resultadoModelo1.txt.ptree,10,25,1311..1320,Henderson
resultadoModelo1.txt.ptree,10,27,1321..1329,Brothers
resultadoModelo1.txt.ptree,10,29,1330..1334,Inc.
resultadoModelo1.txt.ptree,10,31,1334..1335,:
resultadoModelo1.txt.ptree,10,37,1337..1339,It
resultadoModelo1.txt.ptree,10,40,1340..1342,is
resultadoModelo1.txt.ptree,10,43,1343..1347,easy
resultadoModelo1.txt.ptree,10,47,1348..1350,to
resultadoModelo1.txt.ptree,10,50,1351..1354,say
resultadoModelo1.txt.ptree,10,55,1355..1358,the
resultadoModelo1.txt.ptree,10,57,1359..1369,specialist
resultadoModelo1.txt.ptree,10,60,1370..1372,is
resultadoModelo1.txt.ptree,10,62,1372..1375,n't
resultadoModelo1.txt.ptree,10,65,1376..1381,doing
resultadoModelo1.txt.ptree,10,68,1382..1385,his
resultadoModelo1.txt.ptree,10,70,1386..1389,job
resultadoModelo1.txt.ptree,10,72,1389..1390,.
resultadoModelo1.txt.ptree,11,6,1391..1395,When
resultadoModelo1.txt.ptree,11,10,1396..1399,the
resultadoModelo1.txt.ptree,11,12,1400..1406,dollar
resultadoModelo1.txt.ptree,11,15,1407..1409,is
resultadoModelo1.txt.ptree,11,18,1410..1412,in
resultadoModelo1.txt.ptree,11,21,1413..1414,a
resultadoModelo1.txt.ptree,11,23,1415..1424,free-fall
resultadoModelo1.txt.ptree,11,25,1424..1425,COMMA
resultadoModelo1.txt.ptree,11,28,1426..1430,even
resultadoModelo1.txt.ptree,11,30,1431..1438,central
resultadoModelo1.txt.ptree,11,32,1439..1444,banks
resultadoModelo1.txt.ptree,11,35,1445..1447,ca
resultadoModelo1.txt.ptree,11,37,1447..1450,n't
resultadoModelo1.txt.ptree,11,40,1451..1455,stop
resultadoModelo1.txt.ptree,11,43,1456..1458,it
resultadoModelo1.txt.ptree,11,45,1458..1459,.
resultadoModelo1.txt.ptree,12,5,1460..1471,Speculators
resultadoModelo1.txt.ptree,12,8,1472..1475,are
resultadoModelo1.txt.ptree,12,11,1476..1483,calling
resultadoModelo1.txt.ptree,12,14,1484..1487,for
resultadoModelo1.txt.ptree,12,18,1488..1489,a
resultadoModelo1.txt.ptree,12,20,1490..1496,degree
resultadoModelo1.txt.ptree,12,23,1497..1499,of
resultadoModelo1.txt.ptree,12,26,1500..1509,liquidity
resultadoModelo1.txt.ptree,12,30,1510..1514,that
resultadoModelo1.txt.ptree,12,34,1515..1517,is
resultadoModelo1.txt.ptree,12,36,1518..1521,not
resultadoModelo1.txt.ptree,12,39,1522..1527,there
resultadoModelo1.txt.ptree,12,42,1528..1530,in
resultadoModelo1.txt.ptree,12,45,1531..1534,the
resultadoModelo1.txt.ptree,12,47,1535..1541,market
resultadoModelo1.txt.ptree,12,49,1541..1542,.
resultadoModelo1.txt.ptree,13,6,1546..1550,Many
resultadoModelo1.txt.ptree,13,8,1551..1556,money
resultadoModelo1.txt.ptree,13,10,1557..1565,managers
resultadoModelo1.txt.ptree,13,12,1566..1569,and
resultadoModelo1.txt.ptree,13,15,1570..1574,some
resultadoModelo1.txt.ptree,13,17,1575..1582,traders
resultadoModelo1.txt.ptree,13,20,1583..1586,had
resultadoModelo1.txt.ptree,13,23,1587..1594,already
resultadoModelo1.txt.ptree,13,26,1595..1599,left
resultadoModelo1.txt.ptree,13,29,1600..1605,their
resultadoModelo1.txt.ptree,13,31,1606..1613,offices
resultadoModelo1.txt.ptree,13,34,1614..1619,early
resultadoModelo1.txt.ptree,13,36,1620..1626,Friday
resultadoModelo1.txt.ptree,13,38,1627..1636,afternoon
resultadoModelo1.txt.ptree,13,41,1637..1639,on
resultadoModelo1.txt.ptree,13,45,1640..1641,a
resultadoModelo1.txt.ptree,13,47,1642..1646,warm
resultadoModelo1.txt.ptree,13,49,1647..1653,autumn
resultadoModelo1.txt.ptree,13,51,1654..1657,day
resultadoModelo1.txt.ptree,13,53,1658..1660,--
resultadoModelo1.txt.ptree,13,56,1661..1668,because
resultadoModelo1.txt.ptree,13,60,1669..1672,the
resultadoModelo1.txt.ptree,13,62,1673..1678,stock
resultadoModelo1.txt.ptree,13,64,1679..1685,market
resultadoModelo1.txt.ptree,13,67,1686..1689,was
resultadoModelo1.txt.ptree,13,70,1690..1692,so
resultadoModelo1.txt.ptree,13,72,1693..1698,quiet
resultadoModelo1.txt.ptree,13,74,1698..1699,.
resultadoModelo1.txt.ptree,14,4,1700..1704,Then
resultadoModelo1.txt.ptree,14,7,1705..1707,in
resultadoModelo1.txt.ptree,14,10,1708..1709,a
resultadoModelo1.txt.ptree,14,12,1710..1719,lightning
resultadoModelo1.txt.ptree,14,14,1720..1726,plunge
resultadoModelo1.txt.ptree,14,16,1726..1727,COMMA
resultadoModelo1.txt.ptree,14,20,1728..1731,the
resultadoModelo1.txt.ptree,14,22,1732..1735,Dow
resultadoModelo1.txt.ptree,14,24,1736..1741,Jones
resultadoModelo1.txt.ptree,14,26,1742..1753,industrials
resultadoModelo1.txt.ptree,14,29,1754..1756,in
resultadoModelo1.txt.ptree,14,33,1757..1763,barely
resultadoModelo1.txt.ptree,14,35,1764..1766,an
resultadoModelo1.txt.ptree,14,37,1767..1771,hour
resultadoModelo1.txt.ptree,14,40,1772..1783,surrendered
resultadoModelo1.txt.ptree,14,45,1784..1789,about
resultadoModelo1.txt.ptree,14,47,1790..1791,a
resultadoModelo1.txt.ptree,14,49,1792..1797,third
resultadoModelo1.txt.ptree,14,52,1798..1800,of
resultadoModelo1.txt.ptree,14,55,1801..1806,their
resultadoModelo1.txt.ptree,14,57,1807..1812,gains
resultadoModelo1.txt.ptree,14,60,1813..1817,this
resultadoModelo1.txt.ptree,14,62,1818..1822,year
resultadoModelo1.txt.ptree,14,64,1822..1823,COMMA
resultadoModelo1.txt.ptree,14,68,1824..1832,chalking
resultadoModelo1.txt.ptree,14,71,1833..1835,up
resultadoModelo1.txt.ptree,14,75,1836..1837,a
resultadoModelo1.txt.ptree,14,79,1838..1850,190.58-point
resultadoModelo1.txt.ptree,14,81,1850..1851,COMMA
resultadoModelo1.txt.ptree,14,83,1852..1854,or
resultadoModelo1.txt.ptree,14,86,1855..1858,6.9
resultadoModelo1.txt.ptree,14,88,1858..1859,%
resultadoModelo1.txt.ptree,14,90,1859..1860,COMMA
resultadoModelo1.txt.ptree,14,92,1861..1865,loss
resultadoModelo1.txt.ptree,14,95,1866..1868,on
resultadoModelo1.txt.ptree,14,99,1869..1872,the
resultadoModelo1.txt.ptree,14,101,1873..1876,day
resultadoModelo1.txt.ptree,14,104,1877..1879,in
resultadoModelo1.txt.ptree,14,107,1880..1890,gargantuan
resultadoModelo1.txt.ptree,14,109,1891..1898,trading
resultadoModelo1.txt.ptree,14,111,1899..1905,volume
resultadoModelo1.txt.ptree,14,113,1905..1906,.
resultadoModelo1.txt.ptree,15,5,1907..1917,Final-hour
resultadoModelo1.txt.ptree,15,7,1918..1925,trading
resultadoModelo1.txt.ptree,15,10,1926..1937,accelerated
resultadoModelo1.txt.ptree,15,13,1938..1940,to
resultadoModelo1.txt.ptree,15,18,1941..1946,108.1
resultadoModelo1.txt.ptree,15,20,1947..1954,million
resultadoModelo1.txt.ptree,15,22,1955..1961,shares
resultadoModelo1.txt.ptree,15,24,1961..1962,COMMA
resultadoModelo1.txt.ptree,15,28,1963..1964,a
resultadoModelo1.txt.ptree,15,30,1965..1971,record
resultadoModelo1.txt.ptree,15,33,1972..1975,for
resultadoModelo1.txt.ptree,15,36,1976..1979,the
resultadoModelo1.txt.ptree,15,38,1980..1983,Big
resultadoModelo1.txt.ptree,15,40,1984..1989,Board
resultadoModelo1.txt.ptree,15,42,1989..1990,.
resultadoModelo1.txt.ptree,16,5,1991..1993,At
resultadoModelo1.txt.ptree,16,9,1994..1997,the
resultadoModelo1.txt.ptree,16,11,1998..2001,end
resultadoModelo1.txt.ptree,16,14,2002..2004,of
resultadoModelo1.txt.ptree,16,17,2005..2008,the
resultadoModelo1.txt.ptree,16,19,2009..2012,day
resultadoModelo1.txt.ptree,16,21,2012..2013,COMMA
resultadoModelo1.txt.ptree,16,25,2014..2019,251.2
resultadoModelo1.txt.ptree,16,27,2020..2027,million
resultadoModelo1.txt.ptree,16,29,2028..2034,shares
resultadoModelo1.txt.ptree,16,32,2035..2039,were
resultadoModelo1.txt.ptree,16,35,2040..2046,traded
resultadoModelo1.txt.ptree,16,37,2046..2047,.
resultadoModelo1.txt.ptree,17,5,2048..2051,The
resultadoModelo1.txt.ptree,17,7,2052..2055,Dow
resultadoModelo1.txt.ptree,17,9,2056..2061,Jones
resultadoModelo1.txt.ptree,17,11,2062..2073,industrials
resultadoModelo1.txt.ptree,17,14,2074..2080,closed
resultadoModelo1.txt.ptree,17,17,2081..2083,at
resultadoModelo1.txt.ptree,17,20,2084..2091,2569.26
resultadoModelo1.txt.ptree,17,22,2091..2092,.
resultadoModelo1.txt.ptree,18,6,2095..2098,The
resultadoModelo1.txt.ptree,18,8,2099..2102,Dow
resultadoModelo1.txt.ptree,18,10,2102..2104,'s
resultadoModelo1.txt.ptree,18,12,2105..2112,decline
resultadoModelo1.txt.ptree,18,15,2113..2116,was
resultadoModelo1.txt.ptree,18,18,2117..2123,second
resultadoModelo1.txt.ptree,18,21,2124..2126,in
resultadoModelo1.txt.ptree,18,24,2127..2132,point
resultadoModelo1.txt.ptree,18,26,2133..2138,terms
resultadoModelo1.txt.ptree,18,30,2139..2143,only
resultadoModelo1.txt.ptree,18,32,2144..2146,to
resultadoModelo1.txt.ptree,18,36,2147..2150,the
resultadoModelo1.txt.ptree,18,38,2151..2160,508-point
resultadoModelo1.txt.ptree,18,40,2161..2166,Black
resultadoModelo1.txt.ptree,18,42,2167..2173,Monday
resultadoModelo1.txt.ptree,18,44,2174..2179,crash
resultadoModelo1.txt.ptree,18,48,2180..2184,that
resultadoModelo1.txt.ptree,18,52,2185..2193,occurred
resultadoModelo1.txt.ptree,18,55,2194..2198,Oct.
resultadoModelo1.txt.ptree,18,57,2199..2201,19
resultadoModelo1.txt.ptree,18,59,2201..2202,COMMA
resultadoModelo1.txt.ptree,18,61,2203..2207,1987
resultadoModelo1.txt.ptree,18,63,2207..2208,.
resultadoModelo1.txt.ptree,19,5,2209..2211,In
resultadoModelo1.txt.ptree,19,8,2212..2222,percentage
resultadoModelo1.txt.ptree,19,10,2223..2228,terms
resultadoModelo1.txt.ptree,19,12,2228..2229,COMMA
resultadoModelo1.txt.ptree,19,16,2230..2237,however
resultadoModelo1.txt.ptree,19,18,2237..2238,COMMA
resultadoModelo1.txt.ptree,19,22,2239..2242,the
resultadoModelo1.txt.ptree,19,24,2243..2246,Dow
resultadoModelo1.txt.ptree,19,26,2246..2248,'s
resultadoModelo1.txt.ptree,19,28,2249..2253,dive
resultadoModelo1.txt.ptree,19,31,2254..2257,was
resultadoModelo1.txt.ptree,19,34,2258..2261,the
resultadoModelo1.txt.ptree,19,36,2262..2272,12th-worst
resultadoModelo1.txt.ptree,19,39,2273..2277,ever
resultadoModelo1.txt.ptree,19,41,2278..2281,and
resultadoModelo1.txt.ptree,19,46,2282..2285,the
resultadoModelo1.txt.ptree,19,48,2286..2294,sharpest
resultadoModelo1.txt.ptree,19,51,2295..2300,since
resultadoModelo1.txt.ptree,19,54,2301..2304,the
resultadoModelo1.txt.ptree,19,56,2305..2311,market
resultadoModelo1.txt.ptree,19,59,2312..2316,fell
resultadoModelo1.txt.ptree,19,63,2317..2323,156.83
resultadoModelo1.txt.ptree,19,65,2323..2324,COMMA
resultadoModelo1.txt.ptree,19,67,2325..2327,or
resultadoModelo1.txt.ptree,19,70,2328..2329,8
resultadoModelo1.txt.ptree,19,72,2329..2330,%
resultadoModelo1.txt.ptree,19,74,2330..2331,COMMA
resultadoModelo1.txt.ptree,19,77,2332..2333,a
resultadoModelo1.txt.ptree,19,79,2334..2338,week
resultadoModelo1.txt.ptree,19,82,2339..2344,after
resultadoModelo1.txt.ptree,19,85,2345..2350,Black
resultadoModelo1.txt.ptree,19,87,2351..2357,Monday
resultadoModelo1.txt.ptree,19,89,2357..2358,.
resultadoModelo1.txt.ptree,20,5,2359..2362,The
resultadoModelo1.txt.ptree,20,7,2363..2366,Dow
resultadoModelo1.txt.ptree,20,10,2367..2371,fell
resultadoModelo1.txt.ptree,20,13,2372..2376,22.6
resultadoModelo1.txt.ptree,20,15,2376..2377,%
resultadoModelo1.txt.ptree,20,18,2378..2380,on
resultadoModelo1.txt.ptree,20,21,2381..2386,Black
resultadoModelo1.txt.ptree,20,23,2387..2393,Monday
resultadoModelo1.txt.ptree,20,25,2393..2394,.
resultadoModelo1.txt.ptree,21,7,2397..2403,Shares
resultadoModelo1.txt.ptree,21,10,2404..2406,of
resultadoModelo1.txt.ptree,21,13,2407..2410,UAL
resultadoModelo1.txt.ptree,21,15,2410..2411,COMMA
resultadoModelo1.txt.ptree,21,19,2412..2415,the
resultadoModelo1.txt.ptree,21,21,2416..2422,parent
resultadoModelo1.txt.ptree,21,24,2423..2425,of
resultadoModelo1.txt.ptree,21,27,2426..2432,United
resultadoModelo1.txt.ptree,21,29,2433..2441,Airlines
resultadoModelo1.txt.ptree,21,31,2441..2442,COMMA
resultadoModelo1.txt.ptree,21,34,2443..2447,were
resultadoModelo1.txt.ptree,21,37,2448..2457,extremely
resultadoModelo1.txt.ptree,21,39,2458..2464,active
resultadoModelo1.txt.ptree,21,43,2465..2468,all
resultadoModelo1.txt.ptree,21,45,2469..2472,day
resultadoModelo1.txt.ptree,21,48,2473..2479,Friday
resultadoModelo1.txt.ptree,21,50,2479..2480,COMMA
resultadoModelo1.txt.ptree,21,54,2481..2489,reacting
resultadoModelo1.txt.ptree,21,57,2490..2492,to
resultadoModelo1.txt.ptree,21,60,2493..2497,news
resultadoModelo1.txt.ptree,21,62,2498..2501,and
resultadoModelo1.txt.ptree,21,64,2502..2508,rumors
resultadoModelo1.txt.ptree,21,67,2509..2514,about
resultadoModelo1.txt.ptree,21,71,2515..2518,the
resultadoModelo1.txt.ptree,21,73,2519..2527,proposed
resultadoModelo1.txt.ptree,21,77,2528..2529,$
resultadoModelo1.txt.ptree,21,79,2529..2533,6.79
resultadoModelo1.txt.ptree,21,81,2534..2541,billion
resultadoModelo1.txt.ptree,21,83,2542..2549,buy-out
resultadoModelo1.txt.ptree,21,86,2550..2552,of
resultadoModelo1.txt.ptree,21,90,2553..2556,the
resultadoModelo1.txt.ptree,21,92,2557..2564,airline
resultadoModelo1.txt.ptree,21,95,2565..2567,by
resultadoModelo1.txt.ptree,21,98,2568..2570,an
resultadoModelo1.txt.ptree,21,100,2571..2590,employee-management
resultadoModelo1.txt.ptree,21,102,2591..2596,group
resultadoModelo1.txt.ptree,21,104,2596..2597,.
resultadoModelo1.txt.ptree,22,7,2598..2602,Wall
resultadoModelo1.txt.ptree,22,9,2603..2609,Street
resultadoModelo1.txt.ptree,22,11,2609..2611,'s
resultadoModelo1.txt.ptree,22,13,2612..2626,takeover-stock
resultadoModelo1.txt.ptree,22,15,2627..2638,speculators
resultadoModelo1.txt.ptree,22,18,2638..2639,COMMA
resultadoModelo1.txt.ptree,22,20,2640..2642,or
resultadoModelo1.txt.ptree,22,25,2644..2648,risk
resultadoModelo1.txt.ptree,22,27,2649..2660,arbitragers
resultadoModelo1.txt.ptree,22,29,2660..2661,COMMA
resultadoModelo1.txt.ptree,22,34,2663..2666,had
resultadoModelo1.txt.ptree,22,37,2667..2673,placed
resultadoModelo1.txt.ptree,22,41,2674..2683,unusually
resultadoModelo1.txt.ptree,22,43,2684..2689,large
resultadoModelo1.txt.ptree,22,45,2690..2694,bets
resultadoModelo1.txt.ptree,22,48,2695..2699,that
resultadoModelo1.txt.ptree,22,53,2700..2701,a
resultadoModelo1.txt.ptree,22,55,2702..2710,takeover
resultadoModelo1.txt.ptree,22,58,2711..2716,would
resultadoModelo1.txt.ptree,22,61,2717..2724,succeed
resultadoModelo1.txt.ptree,22,63,2725..2728,and
resultadoModelo1.txt.ptree,22,67,2729..2732,UAL
resultadoModelo1.txt.ptree,22,69,2733..2738,stock
resultadoModelo1.txt.ptree,22,72,2739..2744,would
resultadoModelo1.txt.ptree,22,75,2745..2749,rise
resultadoModelo1.txt.ptree,22,77,2749..2750,.
resultadoModelo1.txt.ptree,23,6,2753..2755,At
resultadoModelo1.txt.ptree,23,9,2756..2760,2:43
resultadoModelo1.txt.ptree,23,11,2761..2765,p.m.
resultadoModelo1.txt.ptree,23,13,2766..2769,EDT
resultadoModelo1.txt.ptree,23,15,2769..2770,COMMA
resultadoModelo1.txt.ptree,23,18,2771..2775,came
resultadoModelo1.txt.ptree,23,21,2776..2779,the
resultadoModelo1.txt.ptree,23,23,2780..2789,sickening
resultadoModelo1.txt.ptree,23,25,2790..2794,news
resultadoModelo1.txt.ptree,23,27,2794..2795,:
resultadoModelo1.txt.ptree,23,31,2796..2799,The
resultadoModelo1.txt.ptree,23,33,2800..2803,Big
resultadoModelo1.txt.ptree,23,35,2804..2809,Board
resultadoModelo1.txt.ptree,23,38,2810..2813,was
resultadoModelo1.txt.ptree,23,41,2814..2821,halting
resultadoModelo1.txt.ptree,23,45,2822..2829,trading
resultadoModelo1.txt.ptree,23,48,2830..2832,in
resultadoModelo1.txt.ptree,23,51,2833..2836,UAL
resultadoModelo1.txt.ptree,23,53,2836..2837,COMMA
resultadoModelo1.txt.ptree,23,58,2839..2846,pending
resultadoModelo1.txt.ptree,23,61,2847..2851,news
resultadoModelo1.txt.ptree,23,63,2851..2852,.
resultadoModelo1.txt.ptree,24,6,2854..2856,On
resultadoModelo1.txt.ptree,24,9,2857..2860,the
resultadoModelo1.txt.ptree,24,11,2861..2869,exchange
resultadoModelo1.txt.ptree,24,13,2870..2875,floor
resultadoModelo1.txt.ptree,24,15,2875..2876,COMMA
resultadoModelo1.txt.ptree,24,20,2878..2880,as
resultadoModelo1.txt.ptree,24,22,2881..2885,soon
resultadoModelo1.txt.ptree,24,24,2886..2888,as
resultadoModelo1.txt.ptree,24,28,2889..2892,UAL
resultadoModelo1.txt.ptree,24,31,2893..2900,stopped
resultadoModelo1.txt.ptree,24,34,2901..2908,trading
resultadoModelo1.txt.ptree,24,36,2908..2909,COMMA
resultadoModelo1.txt.ptree,24,39,2910..2912,we
resultadoModelo1.txt.ptree,24,42,2913..2919,braced
resultadoModelo1.txt.ptree,24,45,2920..2923,for
resultadoModelo1.txt.ptree,24,48,2924..2925,a
resultadoModelo1.txt.ptree,24,50,2926..2931,panic
resultadoModelo1.txt.ptree,24,52,2931..2932,COMMA
resultadoModelo1.txt.ptree,24,57,2934..2938,said
resultadoModelo1.txt.ptree,24,60,2939..2942,one
resultadoModelo1.txt.ptree,24,62,2943..2946,top
resultadoModelo1.txt.ptree,24,64,2947..2952,floor
resultadoModelo1.txt.ptree,24,66,2953..2959,trader
resultadoModelo1.txt.ptree,24,68,2959..2960,.
resultadoModelo1.txt.ptree,25,5,2961..2968,Several
resultadoModelo1.txt.ptree,25,7,2969..2976,traders
resultadoModelo1.txt.ptree,25,10,2977..2982,could
resultadoModelo1.txt.ptree,25,13,2983..2985,be
resultadoModelo1.txt.ptree,25,16,2986..2990,seen
resultadoModelo1.txt.ptree,25,20,2991..2998,shaking
resultadoModelo1.txt.ptree,25,23,2999..3004,their
resultadoModelo1.txt.ptree,25,25,3005..3010,heads
resultadoModelo1.txt.ptree,25,29,3011..3015,when
resultadoModelo1.txt.ptree,25,33,3016..3019,the
resultadoModelo1.txt.ptree,25,35,3020..3024,news
resultadoModelo1.txt.ptree,25,38,3025..3032,flashed
resultadoModelo1.txt.ptree,25,40,3032..3033,.
resultadoModelo1.txt.ptree,26,5,3036..3039,For
resultadoModelo1.txt.ptree,26,8,3040..3045,weeks
resultadoModelo1.txt.ptree,26,10,3045..3046,COMMA
resultadoModelo1.txt.ptree,26,13,3047..3050,the
resultadoModelo1.txt.ptree,26,15,3051..3057,market
resultadoModelo1.txt.ptree,26,18,3058..3061,had
resultadoModelo1.txt.ptree,26,21,3062..3066,been
resultadoModelo1.txt.ptree,26,24,3067..3074,nervous
resultadoModelo1.txt.ptree,26,27,3075..3080,about
resultadoModelo1.txt.ptree,26,30,3081..3090,takeovers
resultadoModelo1.txt.ptree,26,32,3090..3091,COMMA
resultadoModelo1.txt.ptree,26,35,3092..3097,after
resultadoModelo1.txt.ptree,26,40,3098..3105,Campeau
resultadoModelo1.txt.ptree,26,42,3106..3111,Corp.
resultadoModelo1.txt.ptree,26,44,3112..3114,'s
resultadoModelo1.txt.ptree,26,46,3115..3119,cash
resultadoModelo1.txt.ptree,26,48,3120..3126,crunch
resultadoModelo1.txt.ptree,26,51,3127..3134,spurred
resultadoModelo1.txt.ptree,26,54,3135..3142,concern
resultadoModelo1.txt.ptree,26,57,3143..3148,about
resultadoModelo1.txt.ptree,26,60,3149..3152,the
resultadoModelo1.txt.ptree,26,62,3153..3162,prospects
resultadoModelo1.txt.ptree,26,65,3163..3166,for
resultadoModelo1.txt.ptree,26,68,3167..3173,future
resultadoModelo1.txt.ptree,26,71,3174..3180,highly
resultadoModelo1.txt.ptree,26,73,3181..3190,leveraged
resultadoModelo1.txt.ptree,26,75,3191..3200,takeovers
resultadoModelo1.txt.ptree,26,77,3200..3201,.
resultadoModelo1.txt.ptree,27,4,3202..3205,And
resultadoModelo1.txt.ptree,27,8,3206..3208,10
resultadoModelo1.txt.ptree,27,10,3209..3216,minutes
resultadoModelo1.txt.ptree,27,13,3217..3222,after
resultadoModelo1.txt.ptree,27,16,3223..3226,the
resultadoModelo1.txt.ptree,27,18,3227..3230,UAL
resultadoModelo1.txt.ptree,27,20,3231..3238,trading
resultadoModelo1.txt.ptree,27,22,3239..3243,halt
resultadoModelo1.txt.ptree,27,25,3244..3248,came
resultadoModelo1.txt.ptree,27,28,3249..3253,news
resultadoModelo1.txt.ptree,27,31,3254..3258,that
resultadoModelo1.txt.ptree,27,35,3259..3262,the
resultadoModelo1.txt.ptree,27,37,3263..3266,UAL
resultadoModelo1.txt.ptree,27,39,3267..3272,group
resultadoModelo1.txt.ptree,27,42,3273..3278,could
resultadoModelo1.txt.ptree,27,44,3278..3281,n't
resultadoModelo1.txt.ptree,27,47,3282..3285,get
resultadoModelo1.txt.ptree,27,50,3286..3295,financing
resultadoModelo1.txt.ptree,27,53,3296..3299,for
resultadoModelo1.txt.ptree,27,56,3300..3303,its
resultadoModelo1.txt.ptree,27,58,3304..3307,bid
resultadoModelo1.txt.ptree,27,60,3307..3308,.
resultadoModelo1.txt.ptree,28,5,3309..3311,At
resultadoModelo1.txt.ptree,28,8,3312..3316,this
resultadoModelo1.txt.ptree,28,10,3317..3322,point
resultadoModelo1.txt.ptree,28,12,3322..3323,COMMA
resultadoModelo1.txt.ptree,28,15,3324..3327,the
resultadoModelo1.txt.ptree,28,17,3328..3331,Dow
resultadoModelo1.txt.ptree,28,20,3332..3335,was
resultadoModelo1.txt.ptree,28,23,3336..3340,down
resultadoModelo1.txt.ptree,28,27,3341..3346,about
resultadoModelo1.txt.ptree,28,29,3347..3349,35
resultadoModelo1.txt.ptree,28,31,3350..3356,points
resultadoModelo1.txt.ptree,28,33,3356..3357,.
resultadoModelo1.txt.ptree,29,5,3360..3363,The
resultadoModelo1.txt.ptree,29,7,3364..3370,market
resultadoModelo1.txt.ptree,29,10,3371..3379,crumbled
resultadoModelo1.txt.ptree,29,12,3379..3380,.
resultadoModelo1.txt.ptree,30,6,3381..3392,Arbitragers
resultadoModelo1.txt.ptree,30,9,3393..3398,could
resultadoModelo1.txt.ptree,30,11,3398..3401,n't
resultadoModelo1.txt.ptree,30,14,3402..3406,dump
resultadoModelo1.txt.ptree,30,17,3407..3412,their
resultadoModelo1.txt.ptree,30,19,3413..3416,UAL
resultadoModelo1.txt.ptree,30,21,3417..3422,stock
resultadoModelo1.txt.ptree,30,23,3423..3425,--
resultadoModelo1.txt.ptree,30,25,3426..3429,but
resultadoModelo1.txt.ptree,30,29,3430..3434,they
resultadoModelo1.txt.ptree,30,32,3435..3438,rid
resultadoModelo1.txt.ptree,30,36,3439..3449,themselves
resultadoModelo1.txt.ptree,30,39,3450..3452,of
resultadoModelo1.txt.ptree,30,42,3453..3459,nearly
resultadoModelo1.txt.ptree,30,44,3460..3465,every
resultadoModelo1.txt.ptree,30,48,3467..3472,rumor
resultadoModelo1.txt.ptree,30,52,3474..3479,stock
resultadoModelo1.txt.ptree,30,57,3480..3484,they
resultadoModelo1.txt.ptree,30,60,3485..3488,had
resultadoModelo1.txt.ptree,30,62,3488..3489,.
resultadoModelo1.txt.ptree,31,5,3490..3493,For
resultadoModelo1.txt.ptree,31,8,3494..3501,example
resultadoModelo1.txt.ptree,31,10,3501..3502,COMMA
resultadoModelo1.txt.ptree,31,13,3503..3508,their
resultadoModelo1.txt.ptree,31,15,3509..3516,selling
resultadoModelo1.txt.ptree,31,18,3517..3523,caused
resultadoModelo1.txt.ptree,31,21,3524..3531,trading
resultadoModelo1.txt.ptree,31,23,3532..3537,halts
resultadoModelo1.txt.ptree,31,27,3538..3540,to
resultadoModelo1.txt.ptree,31,30,3541..3543,be
resultadoModelo1.txt.ptree,31,33,3544..3552,declared
resultadoModelo1.txt.ptree,31,36,3553..3555,in
resultadoModelo1.txt.ptree,31,40,3556..3561,USAir
resultadoModelo1.txt.ptree,31,42,3562..3567,Group
resultadoModelo1.txt.ptree,31,44,3567..3568,COMMA
resultadoModelo1.txt.ptree,31,48,3569..3574,which
resultadoModelo1.txt.ptree,31,52,3575..3581,closed
resultadoModelo1.txt.ptree,31,55,3582..3586,down
resultadoModelo1.txt.ptree,31,61,3593..3595,to
resultadoModelo1.txt.ptree,31,65,3602..3603,COMMA
resultadoModelo1.txt.ptree,31,69,3604..3609,Delta
resultadoModelo1.txt.ptree,31,71,3610..3613,Air
resultadoModelo1.txt.ptree,31,73,3614..3619,Lines
resultadoModelo1.txt.ptree,31,75,3619..3620,COMMA
resultadoModelo1.txt.ptree,31,79,3621..3626,which
resultadoModelo1.txt.ptree,31,83,3627..3631,fell
resultadoModelo1.txt.ptree,31,90,3638..3640,to
resultadoModelo1.txt.ptree,31,94,3647..3648,COMMA
resultadoModelo1.txt.ptree,31,96,3649..3652,and
resultadoModelo1.txt.ptree,31,100,3653..3660,Philips
resultadoModelo1.txt.ptree,31,102,3661..3671,Industries
resultadoModelo1.txt.ptree,31,104,3671..3672,COMMA
resultadoModelo1.txt.ptree,31,108,3673..3678,which
resultadoModelo1.txt.ptree,31,112,3679..3683,sank
resultadoModelo1.txt.ptree,31,116,3684..3685,3
resultadoModelo1.txt.ptree,31,118,3686..3688,to
resultadoModelo1.txt.ptree,31,122,3695..3696,.
resultadoModelo1.txt.ptree,32,5,3699..3704,These
resultadoModelo1.txt.ptree,32,7,3705..3711,stocks
resultadoModelo1.txt.ptree,32,10,3712..3722,eventually
resultadoModelo1.txt.ptree,32,13,3723..3731,reopened
resultadoModelo1.txt.ptree,32,15,3731..3732,.
resultadoModelo1.txt.ptree,33,4,3733..3736,But
resultadoModelo1.txt.ptree,33,7,3737..3739,as
resultadoModelo1.txt.ptree,33,10,3740..3745,panic
resultadoModelo1.txt.ptree,33,12,3746..3752,spread
resultadoModelo1.txt.ptree,33,14,3752..3753,COMMA
resultadoModelo1.txt.ptree,33,17,3754..3765,speculators
resultadoModelo1.txt.ptree,33,20,3766..3771,began
resultadoModelo1.txt.ptree,33,24,3772..3774,to
resultadoModelo1.txt.ptree,33,27,3775..3779,sell
resultadoModelo1.txt.ptree,33,31,3780..3789,blue-chip
resultadoModelo1.txt.ptree,33,33,3790..3796,stocks
resultadoModelo1.txt.ptree,33,36,3797..3801,such
resultadoModelo1.txt.ptree,33,38,3802..3804,as
resultadoModelo1.txt.ptree,33,42,3805..3811,Philip
resultadoModelo1.txt.ptree,33,44,3812..3818,Morris
resultadoModelo1.txt.ptree,33,46,3819..3822,and
resultadoModelo1.txt.ptree,33,49,3823..3836,International
resultadoModelo1.txt.ptree,33,51,3837..3845,Business
resultadoModelo1.txt.ptree,33,53,3846..3854,Machines
resultadoModelo1.txt.ptree,33,57,3855..3857,to
resultadoModelo1.txt.ptree,33,60,3858..3864,offset
resultadoModelo1.txt.ptree,33,63,3865..3870,their
resultadoModelo1.txt.ptree,33,65,3871..3877,losses
resultadoModelo1.txt.ptree,33,67,3877..3878,.
resultadoModelo1.txt.ptree,34,6,3879..3883,When
resultadoModelo1.txt.ptree,34,10,3884..3891,trading
resultadoModelo1.txt.ptree,34,13,3892..3895,was
resultadoModelo1.txt.ptree,34,16,3896..3902,halted
resultadoModelo1.txt.ptree,34,19,3903..3905,in
resultadoModelo1.txt.ptree,34,22,3906..3912,Philip
resultadoModelo1.txt.ptree,34,24,3913..3919,Morris
resultadoModelo1.txt.ptree,34,26,3919..3920,COMMA
resultadoModelo1.txt.ptree,34,29,3921..3924,the
resultadoModelo1.txt.ptree,34,31,3925..3930,stock
resultadoModelo1.txt.ptree,34,34,3931..3934,was
resultadoModelo1.txt.ptree,34,37,3935..3942,trading
resultadoModelo1.txt.ptree,34,40,3943..3945,at
resultadoModelo1.txt.ptree,34,43,3946..3948,41
resultadoModelo1.txt.ptree,34,45,3948..3949,COMMA
resultadoModelo1.txt.ptree,34,48,3950..3954,down
resultadoModelo1.txt.ptree,34,53,3960..3961,COMMA
resultadoModelo1.txt.ptree,34,56,3962..3967,while
resultadoModelo1.txt.ptree,34,60,3968..3971,IBM
resultadoModelo1.txt.ptree,34,63,3972..3978,closed
resultadoModelo1.txt.ptree,34,69,3985..3990,lower
resultadoModelo1.txt.ptree,34,72,3991..3993,at
resultadoModelo1.txt.ptree,34,75,3994..3997,102
resultadoModelo1.txt.ptree,34,77,3997..3998,.
resultadoModelo1.txt.ptree,35,5,4001..4008,Selling
resultadoModelo1.txt.ptree,35,8,4009..4019,snowballed
resultadoModelo1.txt.ptree,35,11,4020..4027,because
resultadoModelo1.txt.ptree,35,13,4028..4030,of
resultadoModelo1.txt.ptree,35,17,4031..4036,waves
resultadoModelo1.txt.ptree,35,20,4037..4039,of
resultadoModelo1.txt.ptree,35,24,4040..4049,automatic
resultadoModelo1.txt.ptree,35,28,4051..4060,stop-loss
resultadoModelo1.txt.ptree,35,32,4062..4068,orders
resultadoModelo1.txt.ptree,35,34,4068..4069,COMMA
resultadoModelo1.txt.ptree,35,38,4070..4075,which
resultadoModelo1.txt.ptree,35,42,4076..4079,are
resultadoModelo1.txt.ptree,35,45,4080..4089,triggered
resultadoModelo1.txt.ptree,35,48,4090..4092,by
resultadoModelo1.txt.ptree,35,51,4093..4101,computer
resultadoModelo1.txt.ptree,35,55,4102..4106,when
resultadoModelo1.txt.ptree,35,59,4107..4113,prices
resultadoModelo1.txt.ptree,35,62,4114..4118,fall
resultadoModelo1.txt.ptree,35,65,4119..4121,to
resultadoModelo1.txt.ptree,35,68,4122..4129,certain
resultadoModelo1.txt.ptree,35,70,4130..4136,levels
resultadoModelo1.txt.ptree,35,72,4136..4137,.
resultadoModelo1.txt.ptree,36,6,4138..4142,Most
resultadoModelo1.txt.ptree,36,9,4143..4145,of
resultadoModelo1.txt.ptree,36,12,4146..4149,the
resultadoModelo1.txt.ptree,36,14,4150..4155,stock
resultadoModelo1.txt.ptree,36,16,4156..4163,selling
resultadoModelo1.txt.ptree,36,18,4164..4172,pressure
resultadoModelo1.txt.ptree,36,21,4173..4177,came
resultadoModelo1.txt.ptree,36,24,4178..4182,from
resultadoModelo1.txt.ptree,36,27,4183..4187,Wall
resultadoModelo1.txt.ptree,36,29,4188..4194,Street
resultadoModelo1.txt.ptree,36,31,4195..4208,professionals
resultadoModelo1.txt.ptree,36,33,4208..4209,COMMA
resultadoModelo1.txt.ptree,36,36,4210..4219,including
resultadoModelo1.txt.ptree,36,39,4220..4235,computer-guided
resultadoModelo1.txt.ptree,36,41,4236..4243,program
resultadoModelo1.txt.ptree,36,43,4244..4251,traders
resultadoModelo1.txt.ptree,36,45,4251..4252,.
resultadoModelo1.txt.ptree,37,5,4253..4260,Traders
resultadoModelo1.txt.ptree,37,8,4261..4265,said
resultadoModelo1.txt.ptree,37,12,4266..4270,most
resultadoModelo1.txt.ptree,37,15,4271..4273,of
resultadoModelo1.txt.ptree,37,18,4274..4279,their
resultadoModelo1.txt.ptree,37,20,4280..4285,major
resultadoModelo1.txt.ptree,37,22,4286..4299,institutional
resultadoModelo1.txt.ptree,37,24,4300..4309,investors
resultadoModelo1.txt.ptree,37,26,4309..4310,COMMA
resultadoModelo1.txt.ptree,37,29,4311..4313,on
resultadoModelo1.txt.ptree,37,33,4314..4317,the
resultadoModelo1.txt.ptree,37,35,4318..4323,other
resultadoModelo1.txt.ptree,37,37,4324..4328,hand
resultadoModelo1.txt.ptree,37,39,4328..4329,COMMA
resultadoModelo1.txt.ptree,37,42,4330..4333,sat
resultadoModelo1.txt.ptree,37,45,4334..4339,tight
resultadoModelo1.txt.ptree,37,47,4339..4340,.
resultadoModelo1.txt.ptree,38,5,4343..4346,Now
resultadoModelo1.txt.ptree,38,7,4346..4347,COMMA
resultadoModelo1.txt.ptree,38,10,4348..4350,at
resultadoModelo1.txt.ptree,38,13,4351..4355,3:07
resultadoModelo1.txt.ptree,38,15,4355..4356,COMMA
resultadoModelo1.txt.ptree,38,19,4357..4360,one
resultadoModelo1.txt.ptree,38,22,4361..4363,of
resultadoModelo1.txt.ptree,38,26,4364..4367,the
resultadoModelo1.txt.ptree,38,28,4368..4374,market
resultadoModelo1.txt.ptree,38,30,4374..4376,'s
resultadoModelo1.txt.ptree,38,32,4377..4387,post-crash
resultadoModelo1.txt.ptree,38,36,4389..4396,reforms
resultadoModelo1.txt.ptree,38,41,4398..4402,took
resultadoModelo1.txt.ptree,38,44,4403..4407,hold
resultadoModelo1.txt.ptree,38,47,4408..4410,as
resultadoModelo1.txt.ptree,38,51,4411..4414,the
resultadoModelo1.txt.ptree,38,53,4415..4418,S&P
resultadoModelo1.txt.ptree,38,55,4419..4422,500
resultadoModelo1.txt.ptree,38,57,4423..4430,futures
resultadoModelo1.txt.ptree,38,59,4431..4439,contract
resultadoModelo1.txt.ptree,38,62,4440..4443,had
resultadoModelo1.txt.ptree,38,65,4444..4451,plunged
resultadoModelo1.txt.ptree,38,69,4452..4454,12
resultadoModelo1.txt.ptree,38,71,4455..4461,points
resultadoModelo1.txt.ptree,38,73,4461..4462,COMMA
resultadoModelo1.txt.ptree,38,77,4463..4473,equivalent
resultadoModelo1.txt.ptree,38,80,4474..4476,to
resultadoModelo1.txt.ptree,38,84,4477..4483,around
resultadoModelo1.txt.ptree,38,86,4484..4485,a
resultadoModelo1.txt.ptree,38,88,4486..4495,100-point
resultadoModelo1.txt.ptree,38,90,4496..4500,drop
resultadoModelo1.txt.ptree,38,93,4501..4503,in
resultadoModelo1.txt.ptree,38,96,4504..4507,the
resultadoModelo1.txt.ptree,38,98,4508..4511,Dow
resultadoModelo1.txt.ptree,38,100,4512..4523,industrials
resultadoModelo1.txt.ptree,38,102,4523..4524,.
resultadoModelo1.txt.ptree,39,5,4525..4530,Under
resultadoModelo1.txt.ptree,39,9,4531..4533,an
resultadoModelo1.txt.ptree,39,11,4534..4543,agreement
resultadoModelo1.txt.ptree,39,14,4544..4550,signed
resultadoModelo1.txt.ptree,39,17,4551..4553,by
resultadoModelo1.txt.ptree,39,21,4554..4557,the
resultadoModelo1.txt.ptree,39,23,4558..4561,Big
resultadoModelo1.txt.ptree,39,25,4562..4567,Board
resultadoModelo1.txt.ptree,39,27,4568..4571,and
resultadoModelo1.txt.ptree,39,30,4572..4575,the
resultadoModelo1.txt.ptree,39,32,4576..4583,Chicago
resultadoModelo1.txt.ptree,39,34,4584..4594,Mercantile
resultadoModelo1.txt.ptree,39,36,4595..4603,Exchange
resultadoModelo1.txt.ptree,39,38,4603..4604,COMMA
resultadoModelo1.txt.ptree,39,41,4605..4612,trading
resultadoModelo1.txt.ptree,39,44,4613..4616,was
resultadoModelo1.txt.ptree,39,47,4617..4628,temporarily
resultadoModelo1.txt.ptree,39,50,4629..4635,halted
resultadoModelo1.txt.ptree,39,53,4636..4638,in
resultadoModelo1.txt.ptree,39,56,4639..4646,Chicago
resultadoModelo1.txt.ptree,39,58,4646..4647,.
resultadoModelo1.txt.ptree,40,5,4650..4655,After
resultadoModelo1.txt.ptree,40,9,4656..4659,the
resultadoModelo1.txt.ptree,40,11,4660..4667,trading
resultadoModelo1.txt.ptree,40,13,4668..4672,halt
resultadoModelo1.txt.ptree,40,16,4673..4675,in
resultadoModelo1.txt.ptree,40,20,4676..4679,the
resultadoModelo1.txt.ptree,40,22,4680..4683,S&P
resultadoModelo1.txt.ptree,40,24,4684..4687,500
resultadoModelo1.txt.ptree,40,26,4688..4691,pit
resultadoModelo1.txt.ptree,40,29,4692..4694,in
resultadoModelo1.txt.ptree,40,32,4695..4702,Chicago
resultadoModelo1.txt.ptree,40,34,4702..4703,COMMA
resultadoModelo1.txt.ptree,40,39,4704..4709,waves
resultadoModelo1.txt.ptree,40,42,4710..4712,of
resultadoModelo1.txt.ptree,40,45,4713..4720,selling
resultadoModelo1.txt.ptree,40,48,4721..4730,continued
resultadoModelo1.txt.ptree,40,52,4731..4733,to
resultadoModelo1.txt.ptree,40,55,4734..4737,hit
resultadoModelo1.txt.ptree,40,59,4738..4744,stocks
resultadoModelo1.txt.ptree,40,62,4745..4755,themselves
resultadoModelo1.txt.ptree,40,65,4756..4758,on
resultadoModelo1.txt.ptree,40,68,4759..4762,the
resultadoModelo1.txt.ptree,40,70,4763..4766,Big
resultadoModelo1.txt.ptree,40,72,4767..4772,Board
resultadoModelo1.txt.ptree,40,74,4772..4773,COMMA
resultadoModelo1.txt.ptree,40,76,4774..4777,and
resultadoModelo1.txt.ptree,40,80,4778..4789,specialists
resultadoModelo1.txt.ptree,40,83,4790..4799,continued
resultadoModelo1.txt.ptree,40,87,4800..4802,to
resultadoModelo1.txt.ptree,40,90,4803..4808,notch
resultadoModelo1.txt.ptree,40,93,4809..4815,prices
resultadoModelo1.txt.ptree,40,96,4816..4820,down
resultadoModelo1.txt.ptree,40,98,4820..4821,.
resultadoModelo1.txt.ptree,41,5,4822..4824,As
resultadoModelo1.txt.ptree,41,8,4825..4826,a
resultadoModelo1.txt.ptree,41,10,4827..4833,result
resultadoModelo1.txt.ptree,41,12,4833..4834,COMMA
resultadoModelo1.txt.ptree,41,16,4835..4838,the
resultadoModelo1.txt.ptree,41,18,4839..4843,link
resultadoModelo1.txt.ptree,41,21,4844..4851,between
resultadoModelo1.txt.ptree,41,24,4852..4855,the
resultadoModelo1.txt.ptree,41,26,4856..4863,futures
resultadoModelo1.txt.ptree,41,28,4864..4867,and
resultadoModelo1.txt.ptree,41,30,4868..4873,stock
resultadoModelo1.txt.ptree,41,32,4874..4881,markets
resultadoModelo1.txt.ptree,41,35,4882..4888,ripped
resultadoModelo1.txt.ptree,41,38,4889..4894,apart
resultadoModelo1.txt.ptree,41,40,4894..4895,.
resultadoModelo1.txt.ptree,42,5,4896..4903,Without
resultadoModelo1.txt.ptree,42,9,4904..4907,the
resultadoModelo1.txt.ptree,42,11,4908..4917,guidepost
resultadoModelo1.txt.ptree,42,14,4918..4920,of
resultadoModelo1.txt.ptree,42,17,4921..4932,stock-index
resultadoModelo1.txt.ptree,42,19,4933..4940,futures
resultadoModelo1.txt.ptree,42,22,4941..4943,--
resultadoModelo1.txt.ptree,42,26,4944..4947,the
resultadoModelo1.txt.ptree,42,28,4948..4957,barometer
resultadoModelo1.txt.ptree,42,31,4958..4960,of
resultadoModelo1.txt.ptree,42,35,4961..4966,where
resultadoModelo1.txt.ptree,42,39,4967..4974,traders
resultadoModelo1.txt.ptree,42,42,4975..4980,think
resultadoModelo1.txt.ptree,42,47,4981..4984,the
resultadoModelo1.txt.ptree,42,49,4985..4992,overall
resultadoModelo1.txt.ptree,42,51,4993..4998,stock
resultadoModelo1.txt.ptree,42,53,4999..5005,market
resultadoModelo1.txt.ptree,42,56,5006..5008,is
resultadoModelo1.txt.ptree,42,59,5009..5015,headed
resultadoModelo1.txt.ptree,42,61,5016..5018,--
resultadoModelo1.txt.ptree,42,64,5019..5023,many
resultadoModelo1.txt.ptree,42,66,5024..5031,traders
resultadoModelo1.txt.ptree,42,69,5032..5036,were
resultadoModelo1.txt.ptree,42,72,5037..5043,afraid
resultadoModelo1.txt.ptree,42,76,5044..5046,to
resultadoModelo1.txt.ptree,42,79,5047..5052,trust
resultadoModelo1.txt.ptree,42,83,5053..5058,stock
resultadoModelo1.txt.ptree,42,85,5059..5065,prices
resultadoModelo1.txt.ptree,42,88,5066..5072,quoted
resultadoModelo1.txt.ptree,42,91,5073..5075,on
resultadoModelo1.txt.ptree,42,94,5076..5079,the
resultadoModelo1.txt.ptree,42,96,5080..5083,Big
resultadoModelo1.txt.ptree,42,98,5084..5089,Board
resultadoModelo1.txt.ptree,42,100,5089..5090,.
resultadoModelo1.txt.ptree,43,5,5091..5094,The
resultadoModelo1.txt.ptree,43,7,5095..5102,futures
resultadoModelo1.txt.ptree,43,9,5103..5107,halt
resultadoModelo1.txt.ptree,43,12,5108..5111,was
resultadoModelo1.txt.ptree,43,15,5112..5116,even
resultadoModelo1.txt.ptree,43,17,5117..5125,assailed
resultadoModelo1.txt.ptree,43,20,5126..5128,by
resultadoModelo1.txt.ptree,43,23,5129..5132,Big
resultadoModelo1.txt.ptree,43,25,5133..5138,Board
resultadoModelo1.txt.ptree,43,27,5139..5144,floor
resultadoModelo1.txt.ptree,43,29,5145..5152,traders
resultadoModelo1.txt.ptree,43,31,5152..5153,.
resultadoModelo1.txt.ptree,44,8,5155..5157,It
resultadoModelo1.txt.ptree,44,11,5158..5165,screwed
resultadoModelo1.txt.ptree,44,14,5166..5172,things
resultadoModelo1.txt.ptree,44,17,5173..5175,up
resultadoModelo1.txt.ptree,44,19,5175..5176,COMMA
resultadoModelo1.txt.ptree,44,24,5178..5182,said
resultadoModelo1.txt.ptree,44,27,5183..5186,one
resultadoModelo1.txt.ptree,44,29,5187..5192,major
resultadoModelo1.txt.ptree,44,31,5193..5203,specialist
resultadoModelo1.txt.ptree,44,33,5203..5204,.
resultadoModelo1.txt.ptree,45,5,5207..5211,This
resultadoModelo1.txt.ptree,45,7,5212..5221,confusion
resultadoModelo1.txt.ptree,45,10,5222..5233,effectively
resultadoModelo1.txt.ptree,45,13,5234..5240,halted
resultadoModelo1.txt.ptree,45,17,5241..5244,one
resultadoModelo1.txt.ptree,45,19,5245..5249,form
resultadoModelo1.txt.ptree,45,22,5250..5252,of
resultadoModelo1.txt.ptree,45,26,5253..5260,program
resultadoModelo1.txt.ptree,45,28,5261..5268,trading
resultadoModelo1.txt.ptree,45,30,5268..5269,COMMA
resultadoModelo1.txt.ptree,45,33,5270..5275,stock
resultadoModelo1.txt.ptree,45,35,5276..5281,index
resultadoModelo1.txt.ptree,45,37,5282..5291,arbitrage
resultadoModelo1.txt.ptree,45,39,5291..5292,COMMA
resultadoModelo1.txt.ptree,45,43,5293..5297,that
resultadoModelo1.txt.ptree,45,49,5298..5305,closely
resultadoModelo1.txt.ptree,45,51,5306..5311,links
resultadoModelo1.txt.ptree,45,54,5312..5315,the
resultadoModelo1.txt.ptree,45,56,5316..5323,futures
resultadoModelo1.txt.ptree,45,58,5324..5327,and
resultadoModelo1.txt.ptree,45,60,5328..5333,stock
resultadoModelo1.txt.ptree,45,62,5334..5341,markets
resultadoModelo1.txt.ptree,45,64,5341..5342,COMMA
resultadoModelo1.txt.ptree,45,66,5343..5346,and
resultadoModelo1.txt.ptree,45,69,5347..5350,has
resultadoModelo1.txt.ptree,45,72,5351..5355,been
resultadoModelo1.txt.ptree,45,75,5356..5362,blamed
resultadoModelo1.txt.ptree,45,78,5363..5365,by
resultadoModelo1.txt.ptree,45,82,5366..5370,some
resultadoModelo1.txt.ptree,45,85,5371..5374,for
resultadoModelo1.txt.ptree,45,89,5375..5378,the
resultadoModelo1.txt.ptree,45,91,5379..5385,market
resultadoModelo1.txt.ptree,45,93,5385..5387,'s
resultadoModelo1.txt.ptree,45,95,5388..5391,big
resultadoModelo1.txt.ptree,45,97,5392..5398,swings
resultadoModelo1.txt.ptree,45,99,5398..5399,.
resultadoModelo1.txt.ptree,46,4,5400..5401,(
resultadoModelo1.txt.ptree,46,7,5401..5403,In
resultadoModelo1.txt.ptree,46,10,5404..5405,a
resultadoModelo1.txt.ptree,46,12,5406..5417,stock-index
resultadoModelo1.txt.ptree,46,14,5418..5427,arbitrage
resultadoModelo1.txt.ptree,46,16,5428..5432,sell
resultadoModelo1.txt.ptree,46,18,5433..5440,program
resultadoModelo1.txt.ptree,46,20,5440..5441,COMMA
resultadoModelo1.txt.ptree,46,23,5442..5449,traders
resultadoModelo1.txt.ptree,46,27,5450..5453,buy
resultadoModelo1.txt.ptree,46,29,5454..5456,or
resultadoModelo1.txt.ptree,46,31,5457..5461,sell
resultadoModelo1.txt.ptree,46,35,5462..5465,big
resultadoModelo1.txt.ptree,46,37,5466..5473,baskets
resultadoModelo1.txt.ptree,46,40,5474..5476,of
resultadoModelo1.txt.ptree,46,43,5477..5483,stocks
resultadoModelo1.txt.ptree,46,45,5484..5487,and
resultadoModelo1.txt.ptree,46,48,5488..5494,offset
resultadoModelo1.txt.ptree,46,52,5495..5498,the
resultadoModelo1.txt.ptree,46,54,5499..5504,trade
resultadoModelo1.txt.ptree,46,57,5505..5507,in
resultadoModelo1.txt.ptree,46,60,5508..5515,futures
resultadoModelo1.txt.ptree,46,64,5516..5518,to
resultadoModelo1.txt.ptree,46,67,5519..5523,lock
resultadoModelo1.txt.ptree,46,70,5524..5526,in
resultadoModelo1.txt.ptree,46,73,5527..5528,a
resultadoModelo1.txt.ptree,46,75,5529..5534,price
resultadoModelo1.txt.ptree,46,77,5535..5545,difference
resultadoModelo1.txt.ptree,46,79,5545..5546,.
resultadoModelo1.txt.ptree,46,81,5546..5547,)
resultadoModelo1.txt.ptree,47,9,5551..5555,When
resultadoModelo1.txt.ptree,47,13,5556..5559,the
resultadoModelo1.txt.ptree,47,15,5560..5567,airline
resultadoModelo1.txt.ptree,47,17,5568..5579,information
resultadoModelo1.txt.ptree,47,20,5580..5584,came
resultadoModelo1.txt.ptree,47,23,5585..5592,through
resultadoModelo1.txt.ptree,47,25,5592..5593,COMMA
resultadoModelo1.txt.ptree,47,28,5594..5596,it
resultadoModelo1.txt.ptree,47,31,5597..5604,cracked
resultadoModelo1.txt.ptree,47,35,5605..5610,every
resultadoModelo1.txt.ptree,47,37,5611..5616,model
resultadoModelo1.txt.ptree,47,42,5617..5619,we
resultadoModelo1.txt.ptree,47,45,5620..5623,had
resultadoModelo1.txt.ptree,47,48,5624..5627,for
resultadoModelo1.txt.ptree,47,51,5628..5631,the
resultadoModelo1.txt.ptree,47,53,5632..5643,marketplace
resultadoModelo1.txt.ptree,47,55,5643..5644,COMMA
resultadoModelo1.txt.ptree,47,60,5646..5650,said
resultadoModelo1.txt.ptree,47,64,5651..5652,a
resultadoModelo1.txt.ptree,47,66,5653..5661,managing
resultadoModelo1.txt.ptree,47,68,5662..5670,director
resultadoModelo1.txt.ptree,47,71,5671..5673,at
resultadoModelo1.txt.ptree,47,74,5674..5677,one
resultadoModelo1.txt.ptree,47,77,5678..5680,of
resultadoModelo1.txt.ptree,47,80,5681..5684,the
resultadoModelo1.txt.ptree,47,82,5685..5692,largest
resultadoModelo1.txt.ptree,47,84,5693..5708,program-trading
resultadoModelo1.txt.ptree,47,86,5709..5714,firms
resultadoModelo1.txt.ptree,47,88,5714..5715,.
resultadoModelo1.txt.ptree,48,7,5717..5719,We
resultadoModelo1.txt.ptree,48,10,5720..5723,did
resultadoModelo1.txt.ptree,48,12,5723..5726,n't
resultadoModelo1.txt.ptree,48,15,5727..5731,even
resultadoModelo1.txt.ptree,48,18,5732..5735,get
resultadoModelo1.txt.ptree,48,21,5736..5737,a
resultadoModelo1.txt.ptree,48,23,5738..5744,chance
resultadoModelo1.txt.ptree,48,27,5745..5747,to
resultadoModelo1.txt.ptree,48,30,5748..5750,do
resultadoModelo1.txt.ptree,48,34,5751..5754,the
resultadoModelo1.txt.ptree,48,36,5755..5763,programs
resultadoModelo1.txt.ptree,48,41,5764..5766,we
resultadoModelo1.txt.ptree,48,44,5767..5773,wanted
resultadoModelo1.txt.ptree,48,48,5774..5776,to
resultadoModelo1.txt.ptree,48,51,5777..5779,do
resultadoModelo1.txt.ptree,48,53,5779..5780,.
resultadoModelo1.txt.ptree,49,4,5784..5787,But
resultadoModelo1.txt.ptree,49,7,5788..5794,stocks
resultadoModelo1.txt.ptree,49,10,5795..5799,kept
resultadoModelo1.txt.ptree,49,14,5800..5807,falling
resultadoModelo1.txt.ptree,49,16,5807..5808,.
resultadoModelo1.txt.ptree,50,5,5809..5812,The
resultadoModelo1.txt.ptree,50,7,5813..5816,Dow
resultadoModelo1.txt.ptree,50,9,5817..5828,industrials
resultadoModelo1.txt.ptree,50,12,5829..5833,were
resultadoModelo1.txt.ptree,50,15,5834..5838,down
resultadoModelo1.txt.ptree,50,18,5839..5841,55
resultadoModelo1.txt.ptree,50,20,5842..5848,points
resultadoModelo1.txt.ptree,50,23,5849..5851,at
resultadoModelo1.txt.ptree,50,26,5852..5853,3
resultadoModelo1.txt.ptree,50,28,5854..5858,p.m.
resultadoModelo1.txt.ptree,50,31,5859..5865,before
resultadoModelo1.txt.ptree,50,34,5866..5869,the
resultadoModelo1.txt.ptree,50,36,5870..5885,futures-trading
resultadoModelo1.txt.ptree,50,38,5886..5890,halt
resultadoModelo1.txt.ptree,50,40,5890..5891,.
resultadoModelo1.txt.ptree,51,5,5892..5894,At
resultadoModelo1.txt.ptree,51,8,5895..5899,3:30
resultadoModelo1.txt.ptree,51,10,5900..5904,p.m.
resultadoModelo1.txt.ptree,51,12,5904..5905,COMMA
resultadoModelo1.txt.ptree,51,15,5906..5908,at
resultadoModelo1.txt.ptree,51,19,5909..5912,the
resultadoModelo1.txt.ptree,51,21,5913..5916,end
resultadoModelo1.txt.ptree,51,24,5917..5919,of
resultadoModelo1.txt.ptree,51,27,5920..5923,the
resultadoModelo1.txt.ptree,51,33,5925..5932,cooling
resultadoModelo1.txt.ptree,51,36,5933..5936,off
resultadoModelo1.txt.ptree,51,40,5938..5944,period
resultadoModelo1.txt.ptree,51,42,5944..5945,COMMA
resultadoModelo1.txt.ptree,51,45,5946..5949,the
resultadoModelo1.txt.ptree,51,47,5950..5957,average
resultadoModelo1.txt.ptree,51,50,5958..5961,was
resultadoModelo1.txt.ptree,51,53,5962..5966,down
resultadoModelo1.txt.ptree,51,56,5967..5973,114.76
resultadoModelo1.txt.ptree,51,58,5974..5980,points
resultadoModelo1.txt.ptree,51,60,5980..5981,.
resultadoModelo1.txt.ptree,52,5,5982..5991,Meanwhile
resultadoModelo1.txt.ptree,52,7,5991..5992,COMMA
resultadoModelo1.txt.ptree,52,10,5993..5999,during
resultadoModelo1.txt.ptree,52,13,6000..6003,the
resultadoModelo1.txt.ptree,52,16,6004..6007,the
resultadoModelo1.txt.ptree,52,18,6008..6011,S&P
resultadoModelo1.txt.ptree,52,20,6012..6019,trading
resultadoModelo1.txt.ptree,52,22,6020..6024,halt
resultadoModelo1.txt.ptree,52,24,6024..6025,COMMA
resultadoModelo1.txt.ptree,52,27,6026..6029,S&P
resultadoModelo1.txt.ptree,52,29,6030..6037,futures
resultadoModelo1.txt.ptree,52,32,6038..6042,sell
resultadoModelo1.txt.ptree,52,37,6043..6049,orders
resultadoModelo1.txt.ptree,52,40,6050..6055,began
resultadoModelo1.txt.ptree,52,44,6056..6062,piling
resultadoModelo1.txt.ptree,52,47,6063..6065,up
resultadoModelo1.txt.ptree,52,49,6065..6066,COMMA
resultadoModelo1.txt.ptree,52,52,6067..6072,while
resultadoModelo1.txt.ptree,52,57,6073..6079,stocks
resultadoModelo1.txt.ptree,52,60,6080..6082,in
resultadoModelo1.txt.ptree,52,63,6083..6086,New
resultadoModelo1.txt.ptree,52,65,6087..6091,York
resultadoModelo1.txt.ptree,52,68,6092..6096,kept
resultadoModelo1.txt.ptree,52,72,6097..6104,falling
resultadoModelo1.txt.ptree,52,75,6105..6112,sharply
resultadoModelo1.txt.ptree,52,77,6112..6113,.
resultadoModelo1.txt.ptree,53,5,6116..6119,Big
resultadoModelo1.txt.ptree,53,7,6120..6125,Board
resultadoModelo1.txt.ptree,53,9,6126..6134,Chairman
resultadoModelo1.txt.ptree,53,11,6135..6139,John
resultadoModelo1.txt.ptree,53,13,6140..6142,J.
resultadoModelo1.txt.ptree,53,15,6143..6149,Phelan
resultadoModelo1.txt.ptree,53,18,6150..6154,said
resultadoModelo1.txt.ptree,53,21,6155..6164,yesterday
resultadoModelo1.txt.ptree,53,26,6165..6168,the
resultadoModelo1.txt.ptree,53,28,6169..6176,circuit
resultadoModelo1.txt.ptree,53,30,6177..6184,breaker
resultadoModelo1.txt.ptree,53,35,6186..6192,worked
resultadoModelo1.txt.ptree,53,38,6193..6197,well
resultadoModelo1.txt.ptree,53,40,6198..6210,mechanically
resultadoModelo1.txt.ptree,53,42,6210..6211,.
resultadoModelo1.txt.ptree,54,5,6212..6213,I
resultadoModelo1.txt.ptree,54,8,6214..6218,just
resultadoModelo1.txt.ptree,54,11,6219..6224,think
resultadoModelo1.txt.ptree,54,16,6225..6227,it
resultadoModelo1.txt.ptree,54,19,6227..6229,'s
resultadoModelo1.txt.ptree,54,22,6230..6243,nonproductive
resultadoModelo1.txt.ptree,54,25,6244..6246,at
resultadoModelo1.txt.ptree,54,28,6247..6251,this
resultadoModelo1.txt.ptree,54,30,6252..6257,point
resultadoModelo1.txt.ptree,54,34,6258..6260,to
resultadoModelo1.txt.ptree,54,37,6261..6264,get
resultadoModelo1.txt.ptree,54,40,6265..6269,into
resultadoModelo1.txt.ptree,54,43,6270..6271,a
resultadoModelo1.txt.ptree,54,45,6272..6278,debate
resultadoModelo1.txt.ptree,54,48,6279..6281,if
resultadoModelo1.txt.ptree,54,52,6282..6287,index
resultadoModelo1.txt.ptree,54,54,6288..6297,arbitrage
resultadoModelo1.txt.ptree,54,57,6298..6303,would
resultadoModelo1.txt.ptree,54,61,6304..6308,have
resultadoModelo1.txt.ptree,54,64,6309..6315,helped
resultadoModelo1.txt.ptree,54,66,6316..6318,or
resultadoModelo1.txt.ptree,54,69,6319..6323,hurt
resultadoModelo1.txt.ptree,54,72,6324..6330,things
resultadoModelo1.txt.ptree,54,74,6330..6331,.
resultadoModelo1.txt.ptree,55,5,6335..6340,Under
resultadoModelo1.txt.ptree,55,8,6341..6348,another
resultadoModelo1.txt.ptree,55,10,6349..6359,post-crash
resultadoModelo1.txt.ptree,55,12,6360..6366,system
resultadoModelo1.txt.ptree,55,14,6366..6367,COMMA
resultadoModelo1.txt.ptree,55,18,6368..6371,Big
resultadoModelo1.txt.ptree,55,20,6372..6377,Board
resultadoModelo1.txt.ptree,55,22,6378..6387,President
resultadoModelo1.txt.ptree,55,24,6388..6395,Richard
resultadoModelo1.txt.ptree,55,26,6396..6402,Grasso
resultadoModelo1.txt.ptree,55,29,6403..6404,(
resultadoModelo1.txt.ptree,55,33,6404..6407,Mr.
resultadoModelo1.txt.ptree,55,35,6408..6414,Phelan
resultadoModelo1.txt.ptree,55,38,6415..6418,was
resultadoModelo1.txt.ptree,55,41,6419..6425,flying
resultadoModelo1.txt.ptree,55,44,6426..6428,to
resultadoModelo1.txt.ptree,55,47,6429..6436,Bangkok
resultadoModelo1.txt.ptree,55,50,6437..6439,as
resultadoModelo1.txt.ptree,55,54,6440..6443,the
resultadoModelo1.txt.ptree,55,56,6444..6450,market
resultadoModelo1.txt.ptree,55,59,6451..6454,was
resultadoModelo1.txt.ptree,55,62,6455..6462,falling
resultadoModelo1.txt.ptree,55,64,6462..6463,)
resultadoModelo1.txt.ptree,55,67,6464..6467,was
resultadoModelo1.txt.ptree,55,70,6468..6475,talking
resultadoModelo1.txt.ptree,55,73,6476..6478,on
resultadoModelo1.txt.ptree,55,76,6479..6481,an
resultadoModelo1.txt.ptree,55,80,6483..6497,inter-exchange
resultadoModelo1.txt.ptree,55,82,6498..6501,hot
resultadoModelo1.txt.ptree,55,84,6502..6506,line
resultadoModelo1.txt.ptree,55,89,6508..6510,to
resultadoModelo1.txt.ptree,55,93,6511..6514,the
resultadoModelo1.txt.ptree,55,95,6515..6520,other
resultadoModelo1.txt.ptree,55,97,6521..6530,exchanges
resultadoModelo1.txt.ptree,55,99,6530..6531,COMMA
resultadoModelo1.txt.ptree,55,102,6532..6535,the
resultadoModelo1.txt.ptree,55,104,6536..6546,Securities
resultadoModelo1.txt.ptree,55,106,6547..6550,and
resultadoModelo1.txt.ptree,55,108,6551..6559,Exchange
resultadoModelo1.txt.ptree,55,110,6560..6570,Commission
resultadoModelo1.txt.ptree,55,112,6571..6574,and
resultadoModelo1.txt.ptree,55,115,6575..6578,the
resultadoModelo1.txt.ptree,55,117,6579..6586,Federal
resultadoModelo1.txt.ptree,55,119,6587..6594,Reserve
resultadoModelo1.txt.ptree,55,121,6595..6600,Board
resultadoModelo1.txt.ptree,55,123,6600..6601,.
resultadoModelo1.txt.ptree,56,5,6602..6604,He
resultadoModelo1.txt.ptree,56,8,6605..6611,camped
resultadoModelo1.txt.ptree,56,11,6612..6615,out
resultadoModelo1.txt.ptree,56,14,6616..6618,at
resultadoModelo1.txt.ptree,56,17,6619..6620,a
resultadoModelo1.txt.ptree,56,19,6621..6630,high-tech
resultadoModelo1.txt.ptree,56,21,6631..6636,nerve
resultadoModelo1.txt.ptree,56,23,6637..6643,center
resultadoModelo1.txt.ptree,56,26,6644..6646,on
resultadoModelo1.txt.ptree,56,30,6647..6650,the
resultadoModelo1.txt.ptree,56,32,6651..6656,floor
resultadoModelo1.txt.ptree,56,35,6657..6659,of
resultadoModelo1.txt.ptree,56,38,6660..6663,the
resultadoModelo1.txt.ptree,56,40,6664..6667,Big
resultadoModelo1.txt.ptree,56,42,6668..6673,Board
resultadoModelo1.txt.ptree,56,44,6673..6674,COMMA
resultadoModelo1.txt.ptree,56,48,6675..6680,where
resultadoModelo1.txt.ptree,56,52,6681..6683,he
resultadoModelo1.txt.ptree,56,55,6684..6689,could
resultadoModelo1.txt.ptree,56,58,6690..6695,watch
resultadoModelo1.txt.ptree,56,61,6696..6703,updates
resultadoModelo1.txt.ptree,56,64,6704..6706,on
resultadoModelo1.txt.ptree,56,68,6707..6713,prices
resultadoModelo1.txt.ptree,56,70,6714..6717,and
resultadoModelo1.txt.ptree,56,73,6718..6725,pending
resultadoModelo1.txt.ptree,56,75,6726..6731,stock
resultadoModelo1.txt.ptree,56,77,6732..6738,orders
resultadoModelo1.txt.ptree,56,79,6738..6739,.
resultadoModelo1.txt.ptree,57,5,6742..6744,At
resultadoModelo1.txt.ptree,57,8,6745..6750,about
resultadoModelo1.txt.ptree,57,10,6751..6755,3:30
resultadoModelo1.txt.ptree,57,12,6756..6760,p.m.
resultadoModelo1.txt.ptree,57,14,6761..6764,EDT
resultadoModelo1.txt.ptree,57,16,6764..6765,COMMA
resultadoModelo1.txt.ptree,57,20,6766..6769,S&P
resultadoModelo1.txt.ptree,57,22,6770..6777,futures
resultadoModelo1.txt.ptree,57,25,6778..6785,resumed
resultadoModelo1.txt.ptree,57,28,6786..6793,trading
resultadoModelo1.txt.ptree,57,30,6793..6794,COMMA
resultadoModelo1.txt.ptree,57,32,6795..6798,and
resultadoModelo1.txt.ptree,57,36,6799..6802,for
resultadoModelo1.txt.ptree,57,39,6803..6804,a
resultadoModelo1.txt.ptree,57,41,6805..6810,brief
resultadoModelo1.txt.ptree,57,43,6811..6815,time
resultadoModelo1.txt.ptree,57,46,6816..6819,the
resultadoModelo1.txt.ptree,57,48,6820..6827,futures
resultadoModelo1.txt.ptree,57,50,6828..6831,and
resultadoModelo1.txt.ptree,57,52,6832..6837,stock
resultadoModelo1.txt.ptree,57,54,6838..6845,markets
resultadoModelo1.txt.ptree,57,57,6846..6853,started
resultadoModelo1.txt.ptree,57,61,6854..6856,to
resultadoModelo1.txt.ptree,57,64,6857..6861,come
resultadoModelo1.txt.ptree,57,67,6862..6866,back
resultadoModelo1.txt.ptree,57,70,6867..6869,in
resultadoModelo1.txt.ptree,57,73,6870..6874,line
resultadoModelo1.txt.ptree,57,75,6874..6875,.
resultadoModelo1.txt.ptree,58,5,6876..6882,Buyers
resultadoModelo1.txt.ptree,58,8,6883..6890,stepped
resultadoModelo1.txt.ptree,58,11,6891..6893,in
resultadoModelo1.txt.ptree,58,14,6894..6896,to
resultadoModelo1.txt.ptree,58,17,6897..6900,the
resultadoModelo1.txt.ptree,58,19,6901..6908,futures
resultadoModelo1.txt.ptree,58,21,6909..6912,pit
resultadoModelo1.txt.ptree,58,23,6912..6913,.
resultadoModelo1.txt.ptree,59,4,6914..6917,But
resultadoModelo1.txt.ptree,59,9,6918..6921,the
resultadoModelo1.txt.ptree,59,11,6922..6930,build-up
resultadoModelo1.txt.ptree,59,14,6931..6933,of
resultadoModelo1.txt.ptree,59,17,6934..6937,S&P
resultadoModelo1.txt.ptree,59,19,6938..6945,futures
resultadoModelo1.txt.ptree,59,22,6946..6950,sell
resultadoModelo1.txt.ptree,59,27,6951..6957,orders
resultadoModelo1.txt.ptree,59,30,6958..6965,weighed
resultadoModelo1.txt.ptree,59,33,6966..6968,on
resultadoModelo1.txt.ptree,59,36,6969..6972,the
resultadoModelo1.txt.ptree,59,38,6973..6979,market
resultadoModelo1.txt.ptree,59,40,6979..6980,COMMA
resultadoModelo1.txt.ptree,59,42,6981..6984,and
resultadoModelo1.txt.ptree,59,47,6985..6988,the
resultadoModelo1.txt.ptree,59,49,6989..6993,link
resultadoModelo1.txt.ptree,59,52,6994..6998,with
resultadoModelo1.txt.ptree,59,55,6999..7005,stocks
resultadoModelo1.txt.ptree,59,58,7006..7011,began
resultadoModelo1.txt.ptree,59,61,7012..7014,to
resultadoModelo1.txt.ptree,59,64,7015..7019,fray
resultadoModelo1.txt.ptree,59,67,7020..7025,again
resultadoModelo1.txt.ptree,59,69,7025..7026,.
resultadoModelo1.txt.ptree,60,5,7029..7031,At
resultadoModelo1.txt.ptree,60,9,7032..7037,about
resultadoModelo1.txt.ptree,60,11,7038..7042,3:45
resultadoModelo1.txt.ptree,60,13,7042..7043,COMMA
resultadoModelo1.txt.ptree,60,17,7044..7047,the
resultadoModelo1.txt.ptree,60,19,7048..7051,S&P
resultadoModelo1.txt.ptree,60,21,7052..7058,market
resultadoModelo1.txt.ptree,60,24,7059..7067,careened
resultadoModelo1.txt.ptree,60,27,7068..7070,to
resultadoModelo1.txt.ptree,60,30,7071..7076,still
resultadoModelo1.txt.ptree,60,32,7077..7084,another
resultadoModelo1.txt.ptree,60,34,7085..7090,limit
resultadoModelo1.txt.ptree,60,36,7090..7091,COMMA
resultadoModelo1.txt.ptree,60,39,7092..7094,of
resultadoModelo1.txt.ptree,60,43,7095..7097,30
resultadoModelo1.txt.ptree,60,45,7098..7104,points
resultadoModelo1.txt.ptree,60,47,7105..7109,down
resultadoModelo1.txt.ptree,60,49,7109..7110,COMMA
resultadoModelo1.txt.ptree,60,51,7111..7114,and
resultadoModelo1.txt.ptree,60,55,7115..7122,trading
resultadoModelo1.txt.ptree,60,58,7123..7126,was
resultadoModelo1.txt.ptree,60,61,7127..7133,locked
resultadoModelo1.txt.ptree,60,64,7134..7139,again
resultadoModelo1.txt.ptree,60,66,7139..7140,.
resultadoModelo1.txt.ptree,61,5,7141..7148,Futures
resultadoModelo1.txt.ptree,61,7,7149..7156,traders
resultadoModelo1.txt.ptree,61,10,7157..7160,say
resultadoModelo1.txt.ptree,61,15,7161..7164,the
resultadoModelo1.txt.ptree,61,17,7165..7168,S&P
resultadoModelo1.txt.ptree,61,20,7169..7172,was
resultadoModelo1.txt.ptree,61,23,7173..7182,signaling
resultadoModelo1.txt.ptree,61,26,7183..7187,that
resultadoModelo1.txt.ptree,61,30,7188..7191,the
resultadoModelo1.txt.ptree,61,32,7192..7195,Dow
resultadoModelo1.txt.ptree,61,35,7196..7201,could
resultadoModelo1.txt.ptree,61,38,7202..7206,fall
resultadoModelo1.txt.ptree,61,42,7207..7209,as
resultadoModelo1.txt.ptree,61,44,7210..7214,much
resultadoModelo1.txt.ptree,61,46,7215..7217,as
resultadoModelo1.txt.ptree,61,48,7218..7221,200
resultadoModelo1.txt.ptree,61,50,7222..7228,points
resultadoModelo1.txt.ptree,61,52,7228..7229,.
resultadoModelo1.txt.ptree,62,5,7232..7238,During
resultadoModelo1.txt.ptree,62,8,7239..7243,this
resultadoModelo1.txt.ptree,62,10,7244..7248,time
resultadoModelo1.txt.ptree,62,12,7248..7249,COMMA
resultadoModelo1.txt.ptree,62,15,7250..7255,small
resultadoModelo1.txt.ptree,62,17,7256..7265,investors
resultadoModelo1.txt.ptree,62,20,7266..7271,began
resultadoModelo1.txt.ptree,62,23,7272..7279,ringing
resultadoModelo1.txt.ptree,62,26,7280..7285,their
resultadoModelo1.txt.ptree,62,28,7286..7293,brokers
resultadoModelo1.txt.ptree,62,30,7293..7294,COMMA
resultadoModelo1.txt.ptree,62,34,7295..7304,wondering
resultadoModelo1.txt.ptree,62,37,7305..7312,whether
resultadoModelo1.txt.ptree,62,41,7313..7320,another
resultadoModelo1.txt.ptree,62,43,7321..7326,crash
resultadoModelo1.txt.ptree,62,46,7327..7330,had
resultadoModelo1.txt.ptree,62,49,7331..7336,begun
resultadoModelo1.txt.ptree,62,51,7336..7337,.
resultadoModelo1.txt.ptree,63,5,7338..7340,At
resultadoModelo1.txt.ptree,63,9,7341..7357,Prudential-Bache
resultadoModelo1.txt.ptree,63,11,7358..7368,Securities
resultadoModelo1.txt.ptree,63,13,7369..7373,Inc.
resultadoModelo1.txt.ptree,63,15,7373..7374,COMMA
resultadoModelo1.txt.ptree,63,19,7375..7380,which
resultadoModelo1.txt.ptree,63,23,7381..7383,is
resultadoModelo1.txt.ptree,63,26,7384..7390,trying
resultadoModelo1.txt.ptree,63,30,7391..7393,to
resultadoModelo1.txt.ptree,63,33,7394..7399,cater
resultadoModelo1.txt.ptree,63,36,7400..7402,to
resultadoModelo1.txt.ptree,63,39,7403..7408,small
resultadoModelo1.txt.ptree,63,41,7409..7418,investors
resultadoModelo1.txt.ptree,63,43,7418..7419,COMMA
resultadoModelo1.txt.ptree,63,46,7420..7424,some
resultadoModelo1.txt.ptree,63,48,7425..7436,demoralized
resultadoModelo1.txt.ptree,63,50,7437..7444,brokers
resultadoModelo1.txt.ptree,63,53,7445..7452,thought
resultadoModelo1.txt.ptree,63,58,7453..7457,this
resultadoModelo1.txt.ptree,63,61,7458..7463,would
resultadoModelo1.txt.ptree,63,64,7464..7466,be
resultadoModelo1.txt.ptree,63,67,7467..7470,the
resultadoModelo1.txt.ptree,63,69,7471..7476,final
resultadoModelo1.txt.ptree,63,71,7477..7495,confidence-crusher
resultadoModelo1.txt.ptree,63,73,7495..7496,.
resultadoModelo1.txt.ptree,64,5,7499..7503,That
resultadoModelo1.txt.ptree,64,8,7503..7505,'s
resultadoModelo1.txt.ptree,64,12,7506..7510,when
resultadoModelo1.txt.ptree,64,17,7511..7517,George
resultadoModelo1.txt.ptree,64,19,7518..7520,L.
resultadoModelo1.txt.ptree,64,21,7521..7525,Ball
resultadoModelo1.txt.ptree,64,23,7525..7526,COMMA
resultadoModelo1.txt.ptree,64,27,7527..7535,chairman
resultadoModelo1.txt.ptree,64,30,7536..7538,of
resultadoModelo1.txt.ptree,64,34,7539..7542,the
resultadoModelo1.txt.ptree,64,36,7543..7553,Prudential
resultadoModelo1.txt.ptree,64,38,7554..7563,Insurance
resultadoModelo1.txt.ptree,64,40,7564..7567,Co.
resultadoModelo1.txt.ptree,64,43,7568..7570,of
resultadoModelo1.txt.ptree,64,46,7571..7578,America
resultadoModelo1.txt.ptree,64,48,7579..7583,unit
resultadoModelo1.txt.ptree,64,50,7583..7584,COMMA
resultadoModelo1.txt.ptree,64,53,7585..7589,took
resultadoModelo1.txt.ptree,64,56,7590..7592,to
resultadoModelo1.txt.ptree,64,59,7593..7596,the
resultadoModelo1.txt.ptree,64,61,7597..7605,internal
resultadoModelo1.txt.ptree,64,63,7606..7614,intercom
resultadoModelo1.txt.ptree,64,65,7615..7621,system
resultadoModelo1.txt.ptree,64,69,7622..7624,to
resultadoModelo1.txt.ptree,64,72,7625..7632,declare
resultadoModelo1.txt.ptree,64,75,7633..7637,that
resultadoModelo1.txt.ptree,64,79,7638..7641,the
resultadoModelo1.txt.ptree,64,81,7642..7648,plunge
resultadoModelo1.txt.ptree,64,84,7649..7652,was
resultadoModelo1.txt.ptree,64,87,7653..7657,only
resultadoModelo1.txt.ptree,64,92,7659..7669,mechanical
resultadoModelo1.txt.ptree,64,94,7669..7670,.
resultadoModelo1.txt.ptree,65,7,7675..7676,I
resultadoModelo1.txt.ptree,65,10,7677..7681,have
resultadoModelo1.txt.ptree,65,14,7682..7683,a
resultadoModelo1.txt.ptree,65,16,7684..7689,hunch
resultadoModelo1.txt.ptree,65,19,7690..7694,that
resultadoModelo1.txt.ptree,65,23,7695..7699,this
resultadoModelo1.txt.ptree,65,25,7700..7710,particular
resultadoModelo1.txt.ptree,65,27,7711..7718,decline
resultadoModelo1.txt.ptree,65,29,7719..7724,today
resultadoModelo1.txt.ptree,65,32,7725..7727,is
resultadoModelo1.txt.ptree,65,36,7728..7737,something
resultadoModelo1.txt.ptree,65,38,7738..7739,'
resultadoModelo1.txt.ptree,65,42,7739..7743,more
resultadoModelo1.txt.ptree,65,44,7744..7747,ado
resultadoModelo1.txt.ptree,65,46,7748..7753,about
resultadoModelo1.txt.ptree,65,49,7754..7758,less
resultadoModelo1.txt.ptree,65,51,7758..7759,.
resultadoModelo1.txt.ptree,65,53,7760..7761,'
resultadoModelo1.txt.ptree,66,6,7762..7764,It
resultadoModelo1.txt.ptree,66,9,7765..7770,would
resultadoModelo1.txt.ptree,66,12,7771..7773,be
resultadoModelo1.txt.ptree,66,15,7774..7776,my
resultadoModelo1.txt.ptree,66,17,7777..7788,inclination
resultadoModelo1.txt.ptree,66,21,7789..7791,to
resultadoModelo1.txt.ptree,66,24,7792..7798,advise
resultadoModelo1.txt.ptree,66,28,7799..7806,clients
resultadoModelo1.txt.ptree,66,30,7807..7810,not
resultadoModelo1.txt.ptree,66,33,7811..7813,to
resultadoModelo1.txt.ptree,66,36,7814..7818,sell
resultadoModelo1.txt.ptree,66,38,7818..7819,COMMA
resultadoModelo1.txt.ptree,66,42,7820..7822,to
resultadoModelo1.txt.ptree,66,45,7823..7827,look
resultadoModelo1.txt.ptree,66,48,7828..7831,for
resultadoModelo1.txt.ptree,66,51,7832..7834,an
resultadoModelo1.txt.ptree,66,53,7835..7846,opportunity
resultadoModelo1.txt.ptree,66,57,7847..7849,to
resultadoModelo1.txt.ptree,66,60,7850..7853,buy
resultadoModelo1.txt.ptree,66,62,7853..7854,COMMA
resultadoModelo1.txt.ptree,66,67,7856..7859,Mr.
resultadoModelo1.txt.ptree,66,69,7860..7864,Ball
resultadoModelo1.txt.ptree,66,72,7865..7869,told
resultadoModelo1.txt.ptree,66,75,7870..7873,the
resultadoModelo1.txt.ptree,66,77,7874..7881,brokers
resultadoModelo1.txt.ptree,66,79,7881..7882,.
resultadoModelo1.txt.ptree,67,5,7885..7887,At
resultadoModelo1.txt.ptree,67,9,7888..7895,Merrill
resultadoModelo1.txt.ptree,67,11,7896..7901,Lynch
resultadoModelo1.txt.ptree,67,13,7902..7903,&
resultadoModelo1.txt.ptree,67,15,7904..7907,Co.
resultadoModelo1.txt.ptree,67,17,7907..7908,COMMA
resultadoModelo1.txt.ptree,67,21,7909..7912,the
resultadoModelo1.txt.ptree,67,23,7913..7919,nation
resultadoModelo1.txt.ptree,67,25,7919..7921,'s
resultadoModelo1.txt.ptree,67,27,7922..7929,biggest
resultadoModelo1.txt.ptree,67,29,7930..7939,brokerage
resultadoModelo1.txt.ptree,67,31,7940..7944,firm
resultadoModelo1.txt.ptree,67,33,7944..7945,COMMA
resultadoModelo1.txt.ptree,67,36,7946..7947,a
resultadoModelo1.txt.ptree,67,38,7948..7952,news
resultadoModelo1.txt.ptree,67,40,7953..7960,release
resultadoModelo1.txt.ptree,67,43,7961..7964,was
resultadoModelo1.txt.ptree,67,46,7965..7973,prepared
resultadoModelo1.txt.ptree,67,50,7974..7983,headlined
resultadoModelo1.txt.ptree,67,55,7985..7992,Merrill
resultadoModelo1.txt.ptree,67,57,7993..7998,Lynch
resultadoModelo1.txt.ptree,67,59,7999..8007,Comments
resultadoModelo1.txt.ptree,67,62,8008..8010,on
resultadoModelo1.txt.ptree,67,65,8011..8017,Market
resultadoModelo1.txt.ptree,67,67,8018..8022,Drop
resultadoModelo1.txt.ptree,67,69,8022..8023,.
resultadoModelo1.txt.ptree,68,5,8025..8028,The
resultadoModelo1.txt.ptree,68,7,8029..8036,release
resultadoModelo1.txt.ptree,68,10,8037..8046,cautioned
resultadoModelo1.txt.ptree,68,14,8047..8051,that
resultadoModelo1.txt.ptree,68,20,8053..8058,there
resultadoModelo1.txt.ptree,68,23,8059..8062,are
resultadoModelo1.txt.ptree,68,28,8063..8074,significant
resultadoModelo1.txt.ptree,68,30,8075..8086,differences
resultadoModelo1.txt.ptree,68,33,8087..8094,between
resultadoModelo1.txt.ptree,68,36,8095..8098,the
resultadoModelo1.txt.ptree,68,38,8099..8106,current
resultadoModelo1.txt.ptree,68,40,8107..8118,environment
resultadoModelo1.txt.ptree,68,42,8119..8122,and
resultadoModelo1.txt.ptree,68,46,8123..8127,that
resultadoModelo1.txt.ptree,68,49,8128..8130,of
resultadoModelo1.txt.ptree,68,52,8131..8138,October
resultadoModelo1.txt.ptree,68,54,8139..8143,1987
resultadoModelo1.txt.ptree,68,58,8145..8148,and
resultadoModelo1.txt.ptree,68,61,8149..8153,that
resultadoModelo1.txt.ptree,68,65,8154..8159,there
resultadoModelo1.txt.ptree,68,68,8160..8163,are
resultadoModelo1.txt.ptree,68,71,8164..8169,still
resultadoModelo1.txt.ptree,68,77,8171..8181,attractive
resultadoModelo1.txt.ptree,68,79,8182..8192,investment
resultadoModelo1.txt.ptree,68,81,8193..8206,opportunities
resultadoModelo1.txt.ptree,68,86,8208..8210,in
resultadoModelo1.txt.ptree,68,89,8211..8214,the
resultadoModelo1.txt.ptree,68,91,8215..8220,stock
resultadoModelo1.txt.ptree,68,93,8221..8227,market
resultadoModelo1.txt.ptree,68,95,8227..8228,.
resultadoModelo1.txt.ptree,69,5,8231..8238,However
resultadoModelo1.txt.ptree,69,7,8238..8239,COMMA
resultadoModelo1.txt.ptree,69,11,8240..8247,Jeffrey
resultadoModelo1.txt.ptree,69,13,8248..8250,B.
resultadoModelo1.txt.ptree,69,15,8251..8255,Lane
resultadoModelo1.txt.ptree,69,17,8255..8256,COMMA
resultadoModelo1.txt.ptree,69,21,8257..8266,president
resultadoModelo1.txt.ptree,69,24,8267..8269,of
resultadoModelo1.txt.ptree,69,27,8270..8278,Shearson
resultadoModelo1.txt.ptree,69,29,8279..8285,Lehman
resultadoModelo1.txt.ptree,69,31,8286..8292,Hutton
resultadoModelo1.txt.ptree,69,33,8293..8297,Inc.
resultadoModelo1.txt.ptree,69,35,8297..8298,COMMA
resultadoModelo1.txt.ptree,69,38,8299..8303,said
resultadoModelo1.txt.ptree,69,41,8304..8308,that
resultadoModelo1.txt.ptree,69,46,8309..8315,Friday
resultadoModelo1.txt.ptree,69,48,8315..8317,'s
resultadoModelo1.txt.ptree,69,50,8318..8324,plunge
resultadoModelo1.txt.ptree,69,53,8325..8327,is
resultadoModelo1.txt.ptree,69,58,8329..8334,going
resultadoModelo1.txt.ptree,69,62,8335..8337,to
resultadoModelo1.txt.ptree,69,65,8338..8341,set
resultadoModelo1.txt.ptree,69,69,8342..8346,back
resultadoModelo1.txt.ptree,69,73,8348..8357,relations
resultadoModelo1.txt.ptree,69,76,8358..8362,with
resultadoModelo1.txt.ptree,69,79,8363..8372,customers
resultadoModelo1.txt.ptree,69,81,8372..8373,COMMA
resultadoModelo1.txt.ptree,69,86,8375..8382,because
resultadoModelo1.txt.ptree,69,90,8383..8385,it
resultadoModelo1.txt.ptree,69,93,8386..8396,reinforces
resultadoModelo1.txt.ptree,69,97,8397..8400,the
resultadoModelo1.txt.ptree,69,99,8401..8408,concern
resultadoModelo1.txt.ptree,69,102,8409..8411,of
resultadoModelo1.txt.ptree,69,105,8412..8422,volatility
resultadoModelo1.txt.ptree,69,107,8422..8423,.
resultadoModelo1.txt.ptree,70,4,8424..8427,And
resultadoModelo1.txt.ptree,70,7,8428..8429,I
resultadoModelo1.txt.ptree,70,10,8430..8435,think
resultadoModelo1.txt.ptree,70,16,8436..8437,a
resultadoModelo1.txt.ptree,70,18,8438..8441,lot
resultadoModelo1.txt.ptree,70,21,8442..8444,of
resultadoModelo1.txt.ptree,70,24,8445..8451,people
resultadoModelo1.txt.ptree,70,27,8452..8456,will
resultadoModelo1.txt.ptree,70,30,8457..8461,harp
resultadoModelo1.txt.ptree,70,33,8462..8464,on
resultadoModelo1.txt.ptree,70,36,8465..8472,program
resultadoModelo1.txt.ptree,70,38,8473..8480,trading
resultadoModelo1.txt.ptree,70,40,8480..8481,.
resultadoModelo1.txt.ptree,71,5,8482..8484,It
resultadoModelo1.txt.ptree,71,8,8484..8486,'s
resultadoModelo1.txt.ptree,71,11,8487..8492,going
resultadoModelo1.txt.ptree,71,15,8493..8495,to
resultadoModelo1.txt.ptree,71,18,8496..8501,bring
resultadoModelo1.txt.ptree,71,21,8502..8505,the
resultadoModelo1.txt.ptree,71,23,8506..8512,debate
resultadoModelo1.txt.ptree,71,27,8513..8518,right
resultadoModelo1.txt.ptree,71,29,8519..8523,back
resultadoModelo1.txt.ptree,71,32,8524..8526,to
resultadoModelo1.txt.ptree,71,35,8527..8530,the
resultadoModelo1.txt.ptree,71,37,8531..8540,forefront
resultadoModelo1.txt.ptree,71,39,8540..8541,.
resultadoModelo1.txt.ptree,72,5,8545..8547,As
resultadoModelo1.txt.ptree,72,9,8548..8551,the
resultadoModelo1.txt.ptree,72,11,8552..8555,Dow
resultadoModelo1.txt.ptree,72,13,8556..8563,average
resultadoModelo1.txt.ptree,72,15,8564..8570,ground
resultadoModelo1.txt.ptree,72,18,8571..8573,to
resultadoModelo1.txt.ptree,72,21,8574..8577,its
resultadoModelo1.txt.ptree,72,23,8578..8583,final
resultadoModelo1.txt.ptree,72,25,8584..8590,190.58
resultadoModelo1.txt.ptree,72,27,8591..8595,loss
resultadoModelo1.txt.ptree,72,30,8596..8602,Friday
resultadoModelo1.txt.ptree,72,32,8602..8603,COMMA
resultadoModelo1.txt.ptree,72,35,8604..8607,the
resultadoModelo1.txt.ptree,72,37,8608..8611,S&P
resultadoModelo1.txt.ptree,72,39,8612..8615,pit
resultadoModelo1.txt.ptree,72,42,8616..8622,stayed
resultadoModelo1.txt.ptree,72,45,8623..8629,locked
resultadoModelo1.txt.ptree,72,48,8630..8632,at
resultadoModelo1.txt.ptree,72,51,8633..8636,its
resultadoModelo1.txt.ptree,72,53,8637..8645,30-point
resultadoModelo1.txt.ptree,72,55,8646..8653,trading
resultadoModelo1.txt.ptree,72,57,8654..8659,limit
resultadoModelo1.txt.ptree,72,59,8659..8660,.
resultadoModelo1.txt.ptree,73,6,8661..8668,Jeffrey
resultadoModelo1.txt.ptree,73,8,8669..8673,Yass
resultadoModelo1.txt.ptree,73,11,8674..8676,of
resultadoModelo1.txt.ptree,73,14,8677..8684,program
resultadoModelo1.txt.ptree,73,16,8685..8691,trader
resultadoModelo1.txt.ptree,73,18,8692..8703,Susquehanna
resultadoModelo1.txt.ptree,73,20,8704..8714,Investment
resultadoModelo1.txt.ptree,73,22,8715..8720,Group
resultadoModelo1.txt.ptree,73,25,8721..8725,said
resultadoModelo1.txt.ptree,73,30,8726..8731,2COMMA000
resultadoModelo1.txt.ptree,73,32,8732..8735,S&P
resultadoModelo1.txt.ptree,73,34,8736..8745,contracts
resultadoModelo1.txt.ptree,73,37,8746..8750,were
resultadoModelo1.txt.ptree,73,40,8751..8754,for
resultadoModelo1.txt.ptree,73,44,8755..8759,sale
resultadoModelo1.txt.ptree,73,47,8760..8762,on
resultadoModelo1.txt.ptree,73,51,8763..8766,the
resultadoModelo1.txt.ptree,73,53,8767..8772,close
resultadoModelo1.txt.ptree,73,55,8772..8773,COMMA
resultadoModelo1.txt.ptree,73,59,8774..8777,the
resultadoModelo1.txt.ptree,73,61,8778..8788,equivalent
resultadoModelo1.txt.ptree,73,64,8789..8791,of
resultadoModelo1.txt.ptree,73,69,8792..8793,$
resultadoModelo1.txt.ptree,73,71,8793..8796,330
resultadoModelo1.txt.ptree,73,73,8797..8804,million
resultadoModelo1.txt.ptree,73,76,8805..8807,in
resultadoModelo1.txt.ptree,73,79,8808..8813,stock
resultadoModelo1.txt.ptree,73,81,8813..8814,.
resultadoModelo1.txt.ptree,74,4,8815..8818,But
resultadoModelo1.txt.ptree,74,7,8819..8824,there
resultadoModelo1.txt.ptree,74,10,8825..8829,were
resultadoModelo1.txt.ptree,74,13,8830..8832,no
resultadoModelo1.txt.ptree,74,15,8833..8839,buyers
resultadoModelo1.txt.ptree,74,17,8839..8840,.
resultadoModelo1.txt.ptree,75,6,8843..8848,While
resultadoModelo1.txt.ptree,75,11,8849..8855,Friday
resultadoModelo1.txt.ptree,75,13,8855..8857,'s
resultadoModelo1.txt.ptree,75,15,8858..8865,debacle
resultadoModelo1.txt.ptree,75,18,8866..8874,involved
resultadoModelo1.txt.ptree,75,22,8875..8881,mainly
resultadoModelo1.txt.ptree,75,24,8882..8894,professional
resultadoModelo1.txt.ptree,75,26,8895..8902,traders
resultadoModelo1.txt.ptree,75,29,8903..8909,rather
resultadoModelo1.txt.ptree,75,31,8910..8914,than
resultadoModelo1.txt.ptree,75,34,8915..8924,investors
resultadoModelo1.txt.ptree,75,36,8924..8925,COMMA
resultadoModelo1.txt.ptree,75,39,8926..8928,it
resultadoModelo1.txt.ptree,75,42,8929..8933,left
resultadoModelo1.txt.ptree,75,46,8934..8937,the
resultadoModelo1.txt.ptree,75,48,8938..8944,market
resultadoModelo1.txt.ptree,75,51,8945..8955,vulnerable
resultadoModelo1.txt.ptree,75,54,8956..8958,to
resultadoModelo1.txt.ptree,75,57,8959..8968,continued
resultadoModelo1.txt.ptree,75,59,8969..8976,selling
resultadoModelo1.txt.ptree,75,62,8977..8981,this
resultadoModelo1.txt.ptree,75,64,8982..8989,morning
resultadoModelo1.txt.ptree,75,66,8989..8990,COMMA
resultadoModelo1.txt.ptree,75,69,8991..8998,traders
resultadoModelo1.txt.ptree,75,72,8999..9003,said
resultadoModelo1.txt.ptree,75,74,9003..9004,.
resultadoModelo1.txt.ptree,76,5,9005..9016,Stock-index
resultadoModelo1.txt.ptree,76,7,9017..9024,futures
resultadoModelo1.txt.ptree,76,9,9025..9034,contracts
resultadoModelo1.txt.ptree,76,12,9035..9042,settled
resultadoModelo1.txt.ptree,76,15,9043..9045,at
resultadoModelo1.txt.ptree,76,19,9046..9050,much
resultadoModelo1.txt.ptree,76,21,9051..9056,lower
resultadoModelo1.txt.ptree,76,23,9057..9063,prices
resultadoModelo1.txt.ptree,76,26,9064..9068,than
resultadoModelo1.txt.ptree,76,30,9069..9076,indexes
resultadoModelo1.txt.ptree,76,33,9077..9079,of
resultadoModelo1.txt.ptree,76,37,9080..9083,the
resultadoModelo1.txt.ptree,76,39,9084..9089,stock
resultadoModelo1.txt.ptree,76,41,9090..9096,market
resultadoModelo1.txt.ptree,76,44,9097..9103,itself
resultadoModelo1.txt.ptree,76,46,9103..9104,.
resultadoModelo1.txt.ptree,77,5,9105..9107,At
resultadoModelo1.txt.ptree,77,8,9108..9113,those
resultadoModelo1.txt.ptree,77,10,9114..9120,levels
resultadoModelo1.txt.ptree,77,12,9120..9121,COMMA
resultadoModelo1.txt.ptree,77,15,9122..9128,stocks
resultadoModelo1.txt.ptree,77,18,9129..9132,are
resultadoModelo1.txt.ptree,77,21,9133..9136,set
resultadoModelo1.txt.ptree,77,24,9137..9139,up
resultadoModelo1.txt.ptree,77,28,9140..9142,to
resultadoModelo1.txt.ptree,77,32,9143..9145,be
resultadoModelo1.txt.ptree,77,35,9146..9154,hammered
resultadoModelo1.txt.ptree,77,38,9155..9157,by
resultadoModelo1.txt.ptree,77,42,9158..9163,index
resultadoModelo1.txt.ptree,77,44,9164..9175,arbitragers
resultadoModelo1.txt.ptree,77,46,9175..9176,COMMA
resultadoModelo1.txt.ptree,77,50,9177..9180,who
resultadoModelo1.txt.ptree,77,54,9181..9185,lock
resultadoModelo1.txt.ptree,77,57,9186..9188,in
resultadoModelo1.txt.ptree,77,61,9189..9196,profits
resultadoModelo1.txt.ptree,77,64,9197..9199,by
resultadoModelo1.txt.ptree,77,67,9200..9206,buying
resultadoModelo1.txt.ptree,77,69,9207..9214,futures
resultadoModelo1.txt.ptree,77,73,9215..9219,when
resultadoModelo1.txt.ptree,77,77,9220..9227,futures
resultadoModelo1.txt.ptree,77,79,9228..9234,prices
resultadoModelo1.txt.ptree,77,82,9235..9239,fall
resultadoModelo1.txt.ptree,77,84,9239..9240,COMMA
resultadoModelo1.txt.ptree,77,86,9241..9244,and
resultadoModelo1.txt.ptree,77,89,9245..9259,simultaneously
resultadoModelo1.txt.ptree,77,92,9260..9264,sell
resultadoModelo1.txt.ptree,77,95,9265..9268,off
resultadoModelo1.txt.ptree,77,98,9269..9275,stocks
resultadoModelo1.txt.ptree,77,100,9275..9276,.
resultadoModelo1.txt.ptree,78,4,9277..9280,But
resultadoModelo1.txt.ptree,78,7,9281..9287,nobody
resultadoModelo1.txt.ptree,78,10,9288..9293,knows
resultadoModelo1.txt.ptree,78,14,9294..9296,at
resultadoModelo1.txt.ptree,78,17,9297..9301,what
resultadoModelo1.txt.ptree,78,19,9302..9307,level
resultadoModelo1.txt.ptree,78,23,9308..9311,the
resultadoModelo1.txt.ptree,78,25,9312..9319,futures
resultadoModelo1.txt.ptree,78,27,9320..9323,and
resultadoModelo1.txt.ptree,78,29,9324..9330,stocks
resultadoModelo1.txt.ptree,78,32,9331..9335,will
resultadoModelo1.txt.ptree,78,35,9336..9340,open
resultadoModelo1.txt.ptree,78,38,9341..9346,today
resultadoModelo1.txt.ptree,78,40,9346..9347,.
resultadoModelo1.txt.ptree,79,6,9350..9353,The
resultadoModelo1.txt.ptree,79,8,9354..9364,de-linkage
resultadoModelo1.txt.ptree,79,11,9365..9372,between
resultadoModelo1.txt.ptree,79,14,9373..9376,the
resultadoModelo1.txt.ptree,79,16,9377..9382,stock
resultadoModelo1.txt.ptree,79,18,9383..9386,and
resultadoModelo1.txt.ptree,79,20,9387..9394,futures
resultadoModelo1.txt.ptree,79,22,9395..9402,markets
resultadoModelo1.txt.ptree,79,25,9403..9409,Friday
resultadoModelo1.txt.ptree,79,28,9410..9414,will
resultadoModelo1.txt.ptree,79,31,9415..9426,undoubtedly
resultadoModelo1.txt.ptree,79,34,9427..9432,cause
resultadoModelo1.txt.ptree,79,38,9433..9440,renewed
resultadoModelo1.txt.ptree,79,40,9441..9447,debate
resultadoModelo1.txt.ptree,79,42,9448..9453,about
resultadoModelo1.txt.ptree,79,45,9454..9461,whether
resultadoModelo1.txt.ptree,79,49,9462..9466,Wall
resultadoModelo1.txt.ptree,79,51,9467..9473,Street
resultadoModelo1.txt.ptree,79,54,9474..9476,is
resultadoModelo1.txt.ptree,79,57,9477..9485,properly
resultadoModelo1.txt.ptree,79,60,9486..9494,prepared
resultadoModelo1.txt.ptree,79,63,9495..9498,for
resultadoModelo1.txt.ptree,79,66,9499..9506,another
resultadoModelo1.txt.ptree,79,68,9507..9512,crash
resultadoModelo1.txt.ptree,79,70,9513..9522,situation
resultadoModelo1.txt.ptree,79,72,9522..9523,.
resultadoModelo1.txt.ptree,80,6,9524..9527,The
resultadoModelo1.txt.ptree,80,8,9528..9531,Big
resultadoModelo1.txt.ptree,80,10,9532..9537,Board
resultadoModelo1.txt.ptree,80,12,9537..9539,'s
resultadoModelo1.txt.ptree,80,14,9540..9543,Mr.
resultadoModelo1.txt.ptree,80,16,9544..9550,Grasso
resultadoModelo1.txt.ptree,80,19,9551..9555,said
resultadoModelo1.txt.ptree,80,21,9555..9556,COMMA
resultadoModelo1.txt.ptree,80,27,9558..9561,Our
resultadoModelo1.txt.ptree,80,29,9562..9570,systemic
resultadoModelo1.txt.ptree,80,31,9571..9582,performance
resultadoModelo1.txt.ptree,80,34,9583..9586,was
resultadoModelo1.txt.ptree,80,37,9587..9591,good
resultadoModelo1.txt.ptree,80,39,9591..9592,.
resultadoModelo1.txt.ptree,81,4,9594..9597,But
resultadoModelo1.txt.ptree,81,7,9598..9601,the
resultadoModelo1.txt.ptree,81,9,9602..9610,exchange
resultadoModelo1.txt.ptree,81,12,9611..9615,will
resultadoModelo1.txt.ptree,81,17,9617..9621,look
resultadoModelo1.txt.ptree,81,20,9622..9624,at
resultadoModelo1.txt.ptree,81,24,9625..9628,the
resultadoModelo1.txt.ptree,81,26,9629..9640,performance
resultadoModelo1.txt.ptree,81,29,9641..9643,of
resultadoModelo1.txt.ptree,81,33,9644..9647,all
resultadoModelo1.txt.ptree,81,35,9648..9659,specialists
resultadoModelo1.txt.ptree,81,38,9660..9662,in
resultadoModelo1.txt.ptree,81,41,9663..9666,all
resultadoModelo1.txt.ptree,81,43,9667..9673,stocks
resultadoModelo1.txt.ptree,81,45,9673..9674,.
resultadoModelo1.txt.ptree,82,6,9675..9684,Obviously
resultadoModelo1.txt.ptree,82,9,9685..9687,we
resultadoModelo1.txt.ptree,82,12,9687..9690,'ll
resultadoModelo1.txt.ptree,82,15,9691..9695,take
resultadoModelo1.txt.ptree,82,18,9696..9697,a
resultadoModelo1.txt.ptree,82,20,9698..9703,close
resultadoModelo1.txt.ptree,82,22,9704..9708,look
resultadoModelo1.txt.ptree,82,25,9709..9711,at
resultadoModelo1.txt.ptree,82,29,9712..9715,any
resultadoModelo1.txt.ptree,82,31,9716..9725,situation
resultadoModelo1.txt.ptree,82,35,9726..9728,in
resultadoModelo1.txt.ptree,82,38,9729..9734,which
resultadoModelo1.txt.ptree,82,42,9735..9737,we
resultadoModelo1.txt.ptree,82,45,9738..9743,think
resultadoModelo1.txt.ptree,82,50,9744..9747,the
resultadoModelo1.txt.ptree,82,52,9748..9764,dealer-community
resultadoModelo1.txt.ptree,82,54,9765..9776,obligations
resultadoModelo1.txt.ptree,82,57,9777..9781,were
resultadoModelo1.txt.ptree,82,59,9781..9784,n't
resultadoModelo1.txt.ptree,82,62,9785..9788,met
resultadoModelo1.txt.ptree,82,64,9788..9789,COMMA
resultadoModelo1.txt.ptree,82,69,9791..9793,he
resultadoModelo1.txt.ptree,82,72,9794..9798,said
resultadoModelo1.txt.ptree,82,74,9798..9799,.
resultadoModelo1.txt.ptree,83,4,9802..9803,(
resultadoModelo1.txt.ptree,83,7,9803..9806,See
resultadoModelo1.txt.ptree,83,10,9807..9814,related
resultadoModelo1.txt.ptree,83,13,9815..9820,story
resultadoModelo1.txt.ptree,83,15,9820..9821,:
resultadoModelo1.txt.ptree,83,21,9823..9826,Fed
resultadoModelo1.txt.ptree,83,24,9827..9832,Ready
resultadoModelo1.txt.ptree,83,27,9833..9835,to
resultadoModelo1.txt.ptree,83,32,9836..9842,Inject
resultadoModelo1.txt.ptree,83,34,9843..9846,Big
resultadoModelo1.txt.ptree,83,36,9847..9852,Funds
resultadoModelo1.txt.ptree,83,41,9854..9856,--
resultadoModelo1.txt.ptree,83,45,9857..9860,WSJ
resultadoModelo1.txt.ptree,83,48,9861..9865,Oct.
resultadoModelo1.txt.ptree,83,50,9866..9868,16
resultadoModelo1.txt.ptree,83,52,9868..9869,COMMA
resultadoModelo1.txt.ptree,83,54,9870..9874,1989
resultadoModelo1.txt.ptree,83,56,9874..9875,)
resultadoModelo1.txt.ptree,83,61,9878..9881,But
resultadoModelo1.txt.ptree,83,64,9882..9893,specialists
resultadoModelo1.txt.ptree,83,67,9894..9902,complain
resultadoModelo1.txt.ptree,83,70,9903..9912,privately
resultadoModelo1.txt.ptree,83,74,9913..9917,that
resultadoModelo1.txt.ptree,83,76,9918..9922,just
resultadoModelo1.txt.ptree,83,78,9923..9925,as
resultadoModelo1.txt.ptree,83,80,9926..9928,in
resultadoModelo1.txt.ptree,83,83,9929..9932,the
resultadoModelo1.txt.ptree,83,85,9933..9937,1987
resultadoModelo1.txt.ptree,83,87,9938..9943,crash
resultadoModelo1.txt.ptree,83,89,9943..9944,COMMA
resultadoModelo1.txt.ptree,83,94,9945..9948,the
resultadoModelo1.txt.ptree,83,98,9950..9958,upstairs
resultadoModelo1.txt.ptree,83,102,9960..9965,firms
resultadoModelo1.txt.ptree,83,105,9966..9968,--
resultadoModelo1.txt.ptree,83,109,9969..9972,big
resultadoModelo1.txt.ptree,83,111,9973..9983,investment
resultadoModelo1.txt.ptree,83,113,9984..9989,banks
resultadoModelo1.txt.ptree,83,117,9990..9994,that
resultadoModelo1.txt.ptree,83,121,9995..10002,support
resultadoModelo1.txt.ptree,83,124,10003..10006,the
resultadoModelo1.txt.ptree,83,126,10007..10013,market
resultadoModelo1.txt.ptree,83,129,10014..10016,by
resultadoModelo1.txt.ptree,83,133,10017..10024,trading
resultadoModelo1.txt.ptree,83,137,10025..10028,big
resultadoModelo1.txt.ptree,83,139,10029..10035,blocks
resultadoModelo1.txt.ptree,83,142,10036..10038,of
resultadoModelo1.txt.ptree,83,145,10039..10044,stock
resultadoModelo1.txt.ptree,83,147,10045..10047,--
resultadoModelo1.txt.ptree,83,150,10048..10054,stayed
resultadoModelo1.txt.ptree,83,153,10055..10057,on
resultadoModelo1.txt.ptree,83,156,10058..10061,the
resultadoModelo1.txt.ptree,83,158,10062..10071,sidelines
resultadoModelo1.txt.ptree,83,161,10072..10078,during
resultadoModelo1.txt.ptree,83,165,10079..10085,Friday
resultadoModelo1.txt.ptree,83,167,10085..10087,'s
resultadoModelo1.txt.ptree,83,169,10088..10101,blood-letting
resultadoModelo1.txt.ptree,83,171,10101..10102,.
resultadoModelo1.txt.ptree,84,5,10103..10106,Mr.
resultadoModelo1.txt.ptree,84,7,10107..10113,Phelan
resultadoModelo1.txt.ptree,84,10,10114..10118,said
resultadoModelo1.txt.ptree,84,12,10118..10119,COMMA
resultadoModelo1.txt.ptree,84,18,10121..10123,It
resultadoModelo1.txt.ptree,84,21,10124..10128,will
resultadoModelo1.txt.ptree,84,24,10129..10133,take
resultadoModelo1.txt.ptree,84,28,10134..10141,another
resultadoModelo1.txt.ptree,84,30,10142..10145,day
resultadoModelo1.txt.ptree,84,32,10146..10148,or
resultadoModelo1.txt.ptree,84,35,10149..10152,two
resultadoModelo1.txt.ptree,84,41,10154..10156,to
resultadoModelo1.txt.ptree,84,44,10157..10164,analyze
resultadoModelo1.txt.ptree,84,48,10165..10168,who
resultadoModelo1.txt.ptree,84,52,10169..10172,was
resultadoModelo1.txt.ptree,84,56,10173..10179,buying
resultadoModelo1.txt.ptree,84,58,10180..10183,and
resultadoModelo1.txt.ptree,84,61,10184..10191,selling
resultadoModelo1.txt.ptree,84,64,10192..10198,Friday
resultadoModelo1.txt.ptree,84,66,10198..10199,.
resultadoModelo1.txt.ptree,85,4,10202..10203,(
resultadoModelo1.txt.ptree,85,8,10203..10206,See
resultadoModelo1.txt.ptree,85,12,10207..10214,related
resultadoModelo1.txt.ptree,85,14,10215..10220,story
resultadoModelo1.txt.ptree,85,16,10220..10221,:
resultadoModelo1.txt.ptree,85,22,10223..10226,Fed
resultadoModelo1.txt.ptree,85,25,10227..10229,Is
resultadoModelo1.txt.ptree,85,30,10230..10238,Prepared
resultadoModelo1.txt.ptree,85,33,10239..10241,To
resultadoModelo1.txt.ptree,85,36,10242..10247,Offer
resultadoModelo1.txt.ptree,85,38,10248..10253,Banks
resultadoModelo1.txt.ptree,85,40,10254..10261,Massive
resultadoModelo1.txt.ptree,85,42,10262..10267,Funds
resultadoModelo1.txt.ptree,85,46,10269..10271,--
resultadoModelo1.txt.ptree,85,50,10272..10275,WSJ
resultadoModelo1.txt.ptree,85,53,10276..10280,Oct.
resultadoModelo1.txt.ptree,85,55,10281..10283,16
resultadoModelo1.txt.ptree,85,57,10283..10284,COMMA
resultadoModelo1.txt.ptree,85,59,10285..10289,1989
resultadoModelo1.txt.ptree,85,61,10289..10290,)
